-3.7019217,36.6599702,-3.5697645,36.720856,2024-08-03 01:31:00,2024-08-03 03:00:00,ARGO,L002
-3.551486,36.6705138,-3.5501397,36.6713727,2024-08-03 04:59:00,2024-08-03 05:02:00,ARGO,LT-AUV1
-3.5868423,36.7109445,-3.5867857,36.7109808,2024-08-03 07:01:00,2024-08-03 11:09:00,ARGO,dive_01
-3.7191012,36.6849997,-3.6176128,36.7222328,2024-08-03 14:07:00,2024-08-03 16:17:00,AUV,L005
-3.6145995,36.6701305,-3.5440332,36.7007275,2024-08-03 16:17:00,2024-08-03 17:44:00,AUV,L006
-3.586844,36.706768,-3.583015,36.7109792,2024-08-03 17:55:00,2024-08-03 19:29:00,AUV,L007
-4.417686,36.7146003,-4.4161068,36.7173118,2024-09-03 00:10:00,2024-10-03 11:00:00,BOYA DERIVA,stay_at_Malaga_port
-4.4176693,36.7172965,-4.4176672,36.7173003,2024-10-03 13:52:00,2024-10-03 13:58:00,BOYA DERIVA,LT_07-08
-4.4176778,36.7172998,-4.4176678,36.7173045,2024-10-03 14:30:00,2024-10-03 15:00:00,BOYA DERIVA,L009
-4.417677,36.7172953,-4.4176665,36.7173027,2024-10-03 15:05:00,2024-10-03 16:18:00,CORER,L010
-4.4176765,36.7172893,-4.417665,36.7172973,2024-10-03 16:29:00,2024-10-03 17:42:00,CORER,L011
-4.4176747,36.7172892,-4.4176635,36.7173013,2024-10-03 18:00:00,2024-10-03 20:31:00,CORER,L012
-4.4176733,36.717288,-4.417662,36.7172975,2024-10-03 20:50:00,2024-10-03 21:36:00,CORER,L013
-4.4176738,36.7172932,-4.417664,36.7173007,2024-10-03 21:48:00,2024-10-03 22:31:00,CTD,L014
-4.4176718,36.7172933,-4.417665,36.7172975,2024-10-03 22:35:00,2024-10-03 22:41:00,CTD,LT_014-015
-3.5642338,36.705446,-3.5641558,36.7054872,2024-11-03 08:15:00,2024-11-03 11:15:00,CTD_ROS,dive_02
-3.5313215,36.6783115,-3.4728573,36.6809692,2024-12-03 05:19:00,2024-12-03 14:15:00,CTD_ROS,dive_03
-3.472859,36.6674517,-3.472759,36.6675517,2024-12-03 20:08:00,2024-12-03 20:08:00,CTD_ROS_LADCP,recovery_SMD_DV02_B01
-3.4759133,36.6471598,-3.4758133,36.6472598,2024-12-03 22:13:00,2024-12-03 22:13:00,CTD_ROS_LADCP,recovery_SMD_DV02_C02
-3.4797508,36.6387007,-3.4796508,36.6388007,2024-12-03 22:46:00,2024-12-03 22:46:00,CTD_ROS_LADCP,recovery_SMD_DV02_C03
-3.4797465,36.6386877,-3.4796465,36.6387877,2024-12-03 23:14:00,2024-12-03 23:14:00,CTD_ROS_LADCP,recovery_SMD_DV02_B02
-3.4797492,36.6386868,-3.4796492,36.6387868,2024-12-03 23:23:00,2024-12-03 23:23:00,CTD_ROS_LADCP,recovery_SMD_DV02_A01
-3.4797398,36.6386967,-3.4796398,36.6387967,2024-12-03 23:59:00,2024-12-03 23:59:00,CTD_ROS_LADCP,recovery_SMD_DV02_C04
-3.4797508,36.6387007,-3.4796508,36.6388007,2024-12-03 22:46:00,2024-12-03 22:46:00,CTD_ROS_LADCP,recovery_SMD_DV02_C03
-3.4797465,36.6386877,-3.4796465,36.6387877,2024-12-03 23:14:00,2024-12-03 23:14:00,CTD UNDULANTE,recovery_SMD_DV02_B02
-3.4797492,36.6386868,-3.4796492,36.6387868,2024-12-03 23:23:00,2024-12-03 23:23:00,CTD UNDULANTE,recovery_SMD_DV02_A01
-3.4797398,36.6386967,-3.4796398,36.6387967,2024-12-03 23:59:00,2024-12-03 23:59:00,DOPPLER,recovery_SMD_DV02_C04
-3.4797508,36.6387007,-3.4796508,36.6388007,2024-12-03 22:46:00,2024-12-03 22:46:00,DOPPLER,recovery_SMD_DV02_C03
-3.4797465,36.6386877,-3.4796465,36.6387877,2024-12-03 23:14:00,2024-12-03 23:14:00,DRAGA,recovery_SMD_DV02_B02
-3.4797492,36.6386868,-3.4796492,36.6387868,2024-12-03 23:23:00,2024-12-03 23:23:00,DRAGA,recovery_SMD_DV02_A01
-3.4797398,36.6386967,-3.4796398,36.6387967,2024-12-03 23:59:00,2024-12-03 23:59:00,FLUOROMETRO,recovery_SMD_DV02_C04
-3.4797398,36.6386967,-3.4796398,36.6387967,2024-12-03 23:59:00,2024-12-03 23:59:00,FLUOROMETRO,recovery_SMD_DV02_C04
-3.4797465,36.6386877,-3.4796465,36.6387877,2024-12-03 23:14:00,2024-12-03 23:14:00,GO-FLO,recovery_SMD_DV02_B02
-3.4797398,36.6386967,-3.4796398,36.6387967,2024-12-03 23:59:00,2024-12-03 23:59:00,GO-FLO,recovery_SMD_DV02_C04
-3.4797398,36.6386967,-3.4796398,36.6387967,2024-12-03 23:59:00,2024-12-03 23:59:00,GRAVIMETRO,recovery_SMD_DV02_C04
-3.4797398,36.6386967,-3.4796398,36.6387967,2024-12-03 23:59:00,2024-12-03 23:59:00,GRAVIMETRO,recovery_SMD_DV02_C04
-3.4797398,36.6386967,-3.4796398,36.6387967,2024-12-03 23:59:00,2024-12-03 23:59:00,GRAVIMETRO,recovery_SMD_DV02_C04
-3.4797398,36.6386967,-3.4796398,36.6387967,2024-12-03 23:59:00,2024-12-03 23:59:00,INSITUPUMPS,recovery_SMD_DV02_C04
-3.4797398,36.6386967,-3.4796398,36.6387967,2024-12-03 23:59:00,2024-12-03 23:59:00,INSITUPUMPS,recovery_SMD_DV02_C04
-3.4797398,36.6386967,-3.4796398,36.6387967,2024-12-03 23:59:00,2024-12-03 23:59:00,INSITUPUMPS,recovery_SMD_DV02_C04
-3.4797398,36.6386967,-3.4796398,36.6387967,2024-12-03 23:59:00,2024-12-03 23:59:00,INSITUPUMPS,recovery_SMD_DV02_C04
-3.4797398,36.6386967,-3.4796398,36.6387967,2024-12-03 23:59:00,2024-12-03 23:59:00,INSITUPUMPS,recovery_SMD_DV02_C04
-3.4797398,36.6386967,-3.4796398,36.6387967,2024-12-03 23:59:00,2024-12-03 23:59:00,MAGNETOMETRO,recovery_SMD_DV02_C04
-3.4797398,36.6386967,-3.4796398,36.6387967,2024-12-03 23:59:00,2024-12-03 23:59:00,MAGNETOMETRO,recovery_SMD_DV02_C04
-3.4797398,36.6386967,-3.4796398,36.6387967,2024-12-03 23:59:00,2024-12-03 23:59:00,MAGNETOMETRO,recovery_SMD_DV02_C04
-3.4797398,36.6386967,-3.4796398,36.6387967,2024-12-03 23:59:00,2024-12-03 23:59:00,MAGNETOMETRO,recovery_SMD_DV02_C04
-3.4797398,36.6386967,-3.4796398,36.6387967,2024-12-03 23:59:00,2024-12-03 23:59:00,MAGNETOMETRO,recovery_SMD_DV02_C04
-3.4797398,36.6386967,-3.4796398,36.6387967,2024-12-03 23:59:00,2024-12-03 23:59:00,MARINE SNOW CATCHER,recovery_SMD_DV02_C04
-3.4797398,36.6386967,-3.4796398,36.6387967,2024-12-03 23:59:00,2024-12-03 23:59:00,MARINE SNOW CATCHER,recovery_SMD_DV02_C04
-3.4797398,36.6386967,-3.4796398,36.6387967,2024-12-03 23:59:00,2024-12-03 23:59:00,MOCNESS,recovery_SMD_DV02_C04
-3.4797398,36.6386967,-3.4796398,36.6387967,2024-12-03 23:59:00,2024-12-03 23:59:00,MOCNESS,recovery_SMD_DV02_C04
-3.4797398,36.6386967,-3.4796398,36.6387967,2024-12-03 23:59:00,2024-12-03 23:59:00,MOORING,recovery_SMD_DV02_C04
-3.4797398,36.6386967,-3.4796398,36.6387967,2024-12-03 23:59:00,2024-12-03 23:59:00,MOORING,recovery_SMD_DV02_C04
-3.4797398,36.6386967,-3.4796398,36.6387967,2024-12-03 23:59:00,2024-12-03 23:59:00,OBS,recovery_SMD_DV02_C04
-3.4797398,36.6386967,-3.4796398,36.6387967,2024-12-03 23:59:00,2024-12-03 23:59:00,OBS,recovery_SMD_DV02_C04
-3.4797398,36.6386967,-3.4796398,36.6387967,2024-12-03 23:59:00,2024-12-03 23:59:00,OBS,recovery_SMD_DV02_C04
-3.4797398,36.6386967,-3.4796398,36.6387967,2024-12-03 23:59:00,2024-12-03 23:59:00,PERFILADOR DE FONDO,recovery_SMD_DV02_C04
-3.4797398,36.6386967,-3.4796398,36.6387967,2024-12-03 23:59:00,2024-12-03 23:59:00,PIES,recovery_SMD_DV02_C04
-3.4797398,36.6386967,-3.4796398,36.6387967,2024-12-03 23:59:00,2024-12-03 23:59:00,PIES,recovery_SMD_DV02_C04
-3.4797398,36.6386967,-3.4796398,36.6387967,2024-12-03 23:59:00,2024-12-03 23:59:00,PIES,recovery_SMD_DV02_C04
-3.4797398,36.6386967,-3.4796398,36.6387967,2024-12-03 23:59:00,2024-12-03 23:59:00,PIES,recovery_SMD_DV02_C04
-3.4797398,36.6386967,-3.4796398,36.6387967,2024-12-03 23:59:00,2024-12-03 23:59:00,RED,recovery_SMD_DV02_C04
-3.4797398,36.6386967,-3.4796398,36.6387967,2024-12-03 23:59:00,2024-12-03 23:59:00,RED,recovery_SMD_DV02_C04
-3.4797398,36.6386967,-3.4796398,36.6387967,2024-12-03 23:59:00,2024-12-03 23:59:00,RED,recovery_SMD_DV02_C04
-3.4797398,36.6386967,-3.4796398,36.6387967,2024-12-03 23:59:00,2024-12-03 23:59:00,RADIOMETRO,recovery_SMD_DV02_C04
-3.4797398,36.6386967,-3.4796398,36.6387967,2024-12-03 23:59:00,2024-12-03 23:59:00,RADIOMETRO,recovery_SMD_DV02_C04
-3.4797398,36.6386967,-3.4796398,36.6387967,2024-12-03 23:59:00,2024-12-03 23:59:00,RADIOMETRO,recovery_SMD_DV02_C04
-3.4797398,36.6386967,-3.4796398,36.6387967,2024-12-03 23:59:00,2024-12-03 23:59:00,ROV,recovery_SMD_DV02_C04
-3.4797398,36.6386967,-3.4796398,36.6387967,2024-12-03 23:59:00,2024-12-03 23:59:00,ROV,recovery_SMD_DV02_C04
-4.4176718,36.7172933,-4.417665,36.7172975,2024-10-03 22:35:00,2024-10-03 22:41:00,SISMICA DE REFRACCION,LT_014-015
-4.4176718,36.7172933,-4.417665,36.7172975,2024-10-03 22:35:00,2024-10-03 22:41:00,SISMICA DE REFRACCION,LT_014-015
-4.4176718,36.7172933,-4.417665,36.7172975,2024-10-03 22:35:00,2024-10-03 22:41:00,SISMICA MULTICANAL,LT_014-015
-4.4176718,36.7172933,-4.417665,36.7172975,2024-10-03 22:35:00,2024-10-03 22:41:00,SISMICA MULTICANAL,LT_014-015
-4.4176718,36.7172933,-4.417665,36.7172975,2024-10-03 22:35:00,2024-10-03 22:41:00,SONAR DE BARRIDO LATERAL,LT_014-015
-4.4176718,36.7172933,-4.417665,36.7172975,2024-10-03 22:35:00,2024-10-03 22:41:00,SONAR DE BARRIDO LATERAL,LT_014-015
-4.4176718,36.7172933,-4.417665,36.7172975,2024-10-03 22:35:00,2024-10-03 22:41:00,SONDA BIOLOGICA,LT_014-015
-4.4176718,36.7172933,-4.417665,36.7172975,2024-10-03 22:35:00,2024-10-03 22:41:00,SONDA BIOLOGICA,LT_014-015
-4.4176718,36.7172933,-4.417665,36.7172975,2024-10-03 22:35:00,2024-10-03 22:41:00,SONDA BIOLOGICA,LT_014-015
-3.4797465,36.6386877,-3.4796465,36.6387877,2024-12-03 23:14:00,2024-12-03 23:14:00,SONDA MULTIHAZ,recovery_SMD_DV02_B02
-3.4797465,36.6386877,-3.4796465,36.6387877,2024-12-03 23:14:00,2024-12-03 23:14:00,SONDA MULTIHAZ,recovery_SMD_DV02_B02
-3.4797465,36.6386877,-3.4796465,36.6387877,2024-12-03 23:14:00,2024-12-03 23:14:00,SVP,recovery_SMD_DV02_B02
-3.4797465,36.6386877,-3.4796465,36.6387877,2024-12-03 23:14:00,2024-12-03 23:14:00,TRAMPA SEDIMENTO,recovery_SMD_DV02_B02
-3.4797465,36.6386877,-3.4796465,36.6387877,2024-12-03 23:14:00,2024-12-03 23:14:00,TRAMPA SEDIMENTO,recovery_SMD_DV02_B02
-3.4797465,36.6386877,-3.4796465,36.6387877,2024-12-03 23:14:00,2024-12-03 23:14:00,XBT,recovery_SMD_DV02_B02
-3.4797465,36.6386877,-3.4796465,36.6387877,2024-12-03 23:14:00,2024-12-03 23:14:00,XBT,recovery_SMD_DV02_B02
-3.4797465,36.6386877,-3.4796465,36.6387877,2024-12-03 23:14:00,2024-12-03 23:14:00,XSV,recovery_SMD_DV02_B02
