<!-- this file has been created using MIKADO version 3.8.2 --><?xml-model href="https://schemas.seadatanet.org/Standards-Software/Metadata-formats/SDN_CDI_ISO19139_13.0.0.sch" type="application/xml" schematypens="http://purl.oclc.org/dsdl/schematron"?><gmd:MD_Metadata xmlns:gmd="http://www.isotc211.org/2005/gmd" xmlns:gmi="http://www.isotc211.org/2005/gmi" xmlns:srv="http://www.isotc211.org/2005/srv" xmlns:gco="http://www.isotc211.org/2005/gco" xmlns:gts="http://www.isotc211.org/2005/gts" xmlns:gmx="http://www.isotc211.org/2005/gmx" xmlns:xlink="http://www.w3.org/1999/xlink" xmlns:sdn="http://www.seadatanet.org" xmlns:gml="http://www.opengis.net/gml" xmlns:xsi="http://www.w3.org/2001/XMLSchema-instance" xsi:schemaLocation="http://www.seadatanet.org https://schemas.seadatanet.org/Standards-Software/Metadata-formats/SDN_CDI_ISO19139_13.0.0.xsd http://www.isotc211.org/2005/gmd http://schemas.opengis.net/iso/19139/20060504/gmd/gmd.xsd">
   <gmd:fileIdentifier>
      <gco:CharacterString>29SG20240306_mbe</gco:CharacterString>
   </gmd:fileIdentifier>
   <gmd:language>
      <gmd:LanguageCode codeList="https://vocab.nerc.ac.uk/isoCodelists/sdnCodelists/gmxCodeLists.xml#LanguageCode" codeListValue="eng" codeSpace="ISOTC211/19115">English</gmd:LanguageCode>
   </gmd:language>
   <gmd:characterSet>
      <gmd:MD_CharacterSetCode codeList="https://vocab.nerc.ac.uk/isoCodelists/sdnCodelists/gmxCodeLists.xml#MD_CharacterSetCode" codeListValue="utf8" codeSpace="ISOTC211/19115">utf8</gmd:MD_CharacterSetCode>
   </gmd:characterSet>
   <gmd:hierarchyLevel>
      <gmd:MD_ScopeCode codeList="https://vocab.nerc.ac.uk/isoCodelists/sdnCodelists/gmxCodeLists.xml#MD_ScopeCode" codeListValue="dataset" codeSpace="ISOTC211/19115">dataset</gmd:MD_ScopeCode>
   </gmd:hierarchyLevel>
   <gmd:hierarchyLevelName>
      <sdn:SDN_HierarchyLevelNameCode codeList="https://vocab.nerc.ac.uk/isoCodelists/sdnCodelists/cdicsrCodeList.xml#SDN_HierarchyLevelNameCode" codeListValue="CDI" codeSpace="SeaDataNet">Common Data Index record</sdn:SDN_HierarchyLevelNameCode>
   </gmd:hierarchyLevelName>
   <gmd:contact>
      <gmd:CI_ResponsibleParty>
         <gmd:organisationName>
            <sdn:SDN_EDMOCode codeList="https://edmo.seadatanet.org/isocodelists/edmo-edmerp-codelists.xml#SDN_EDMOCode" codeSpace="SeaDataNet" codeListValue="2489">CSIC, Marine Technology Unit (CSIC-UTM)</sdn:SDN_EDMOCode>
         </gmd:organisationName>
         <gmd:contactInfo>
            <gmd:CI_Contact>
               <gmd:phone>
                  <gmd:CI_Telephone>
                     <gmd:voice>
                        <gco:CharacterString>+34 932 309500</gco:CharacterString>
                     </gmd:voice>
                     <gmd:facsimile>
                        <gco:CharacterString>+34 932 309555</gco:CharacterString>
                     </gmd:facsimile>
                  </gmd:CI_Telephone>
               </gmd:phone>
               <gmd:address>
                  <gmd:CI_Address>
                     <gmd:deliveryPoint>
                        <gco:CharacterString>Paseo Maritimo de la Barceloneta, 37-49 </gco:CharacterString>
                     </gmd:deliveryPoint>
                     <gmd:city>
                        <gco:CharacterString>Barcelona</gco:CharacterString>
                     </gmd:city>
                     <gmd:postalCode>
                        <gco:CharacterString>08003</gco:CharacterString>
                     </gmd:postalCode>
                     <gmd:country>
                        <sdn:SDN_CountryCode codeSpace="SeaDataNet" codeListValue="ES" codeList="https://vocab.nerc.ac.uk/isoCodelists/sdnCodelists/cdicsrCodeList.xml#SDN_CountryCode">Spain</sdn:SDN_CountryCode>
                     </gmd:country>
                     <gmd:electronicMailAddress>
                        <gco:CharacterString>info@utm.csic.es</gco:CharacterString>
                     </gmd:electronicMailAddress>
                  </gmd:CI_Address>
               </gmd:address>
               <gmd:onlineResource>
                  <gmd:CI_OnlineResource>
                     <gmd:linkage>
                        <gmd:URL>http://www.utm.csic.es/</gmd:URL>
                     </gmd:linkage>
                  </gmd:CI_OnlineResource>
               </gmd:onlineResource>
            </gmd:CI_Contact>
         </gmd:contactInfo>
         <gmd:role>
            <gmd:CI_RoleCode codeList="https://vocab.nerc.ac.uk/isoCodelists/sdnCodelists/gmxCodeLists.xml#CI_RoleCode" codeListValue="pointOfContact" codeSpace="ISOTC211/19115">pointOfContact</gmd:CI_RoleCode>
         </gmd:role>
      </gmd:CI_ResponsibleParty>
   </gmd:contact>
   <gmd:dateStamp>
      <gco:Date>2024-03-14</gco:Date>
   </gmd:dateStamp>
   <gmd:metadataStandardName>
      <gco:CharacterString>ISO 19115/SeaDataNet profile</gco:CharacterString>
   </gmd:metadataStandardName>
   <gmd:metadataStandardVersion>
      <gco:CharacterString>1.0</gco:CharacterString>
   </gmd:metadataStandardVersion>
   <gmd:spatialRepresentationInfo>
      <gmd:MD_VectorSpatialRepresentation>
         <gmd:geometricObjects>
            <gmd:MD_GeometricObjects>
               <gmd:geometricObjectType>
                  <gmd:MD_GeometricObjectTypeCode codeList="https://vocab.nerc.ac.uk/isoCodelists/sdnCodelists/gmxCodeLists.xml#MD_GeometricObjectTypeCode" codeListValue="curve" codeSpace="ISOTC211/19115">curve</gmd:MD_GeometricObjectTypeCode>
               </gmd:geometricObjectType>
            </gmd:MD_GeometricObjects>
         </gmd:geometricObjects>
      </gmd:MD_VectorSpatialRepresentation>
   </gmd:spatialRepresentationInfo>
   <gmd:spatialRepresentationInfo>
      <gmd:MD_GridSpatialRepresentation>
         <gmd:numberOfDimensions>
            <gco:Integer>0</gco:Integer>
         </gmd:numberOfDimensions>
         <gmd:cellGeometry>
            <gmd:MD_CellGeometryCode codeList="https://vocab.nerc.ac.uk/isoCodelists/sdnCodelists/gmxCodeLists.xml#MD_CellGeometryCode" codeListValue="point" codeSpace="ISOTC211/19115">point</gmd:MD_CellGeometryCode>
         </gmd:cellGeometry>
         <gmd:transformationParameterAvailability>
            <gco:Boolean>false</gco:Boolean>
         </gmd:transformationParameterAvailability>
      </gmd:MD_GridSpatialRepresentation>
   </gmd:spatialRepresentationInfo>
   <gmd:referenceSystemInfo>
      <gmd:MD_ReferenceSystem>
         <gmd:referenceSystemIdentifier>
            <gmd:RS_Identifier>
               <gmd:authority>
                  <gmd:CI_Citation>
                     <gmd:title>
                        <gco:CharacterString>SeaDataNet geographic co-ordinate reference frames</gco:CharacterString>
                     </gmd:title>
                     <gmd:alternateTitle>
                        <gco:CharacterString>L10</gco:CharacterString>
                     </gmd:alternateTitle>
                     <gmd:date>
                        <gmd:CI_Date>
                           <gmd:date>
                              <gco:Date>2011-03-03</gco:Date>
                           </gmd:date>
                           <gmd:dateType>
                              <gmd:CI_DateTypeCode codeList="https://vocab.nerc.ac.uk/isoCodelists/sdnCodelists/gmxCodeLists.xml#CI_DateTypeCode" codeListValue="revision" codeSpace="ISOTC211/19115">revision</gmd:CI_DateTypeCode>
                           </gmd:dateType>
                        </gmd:CI_Date>
                     </gmd:date>
                     <gmd:edition>
                        <gco:CharacterString>3</gco:CharacterString>
                     </gmd:edition>
                     <gmd:identifier>
                        <gmd:MD_Identifier>
                           <gmd:code>
                              <gco:CharacterString>https://www.seadatanet.org/urnurl/SDN:L10</gco:CharacterString>
                           </gmd:code>
                        </gmd:MD_Identifier>
                     </gmd:identifier>
                  </gmd:CI_Citation>
               </gmd:authority>
               <gmd:code>
                  <sdn:SDN_CRSCode codeList="https://vocab.nerc.ac.uk/isoCodelists/sdnCodelists/cdicsrCodeList.xml#SDN_CRSCode" codeListValue="4326" codeSpace="SeaDataNet">World Geodetic System 84</sdn:SDN_CRSCode>
               </gmd:code>
            </gmd:RS_Identifier>
         </gmd:referenceSystemIdentifier>
      </gmd:MD_ReferenceSystem>
   </gmd:referenceSystemInfo>
   <gmd:metadataExtensionInfo xlink:href="https://schemas.seadatanet.org/Standards-Software/Metadata-formats/cdiExtensionInformation.xml"/>
      <gmd:identificationInfo>
         <sdn:SDN_DataIdentification gco:isoType="MD_DataIdentification_Type">
            <gmd:citation>
               <gmd:CI_Citation>
                  <gmd:title>
                     <gco:CharacterString>SANIMED multibeam data</gco:CharacterString>
                  </gmd:title>
                  <gmd:alternateTitle>
                     <gco:CharacterString>29SG20240306_mbe</gco:CharacterString>
                  </gmd:alternateTitle>
                  <gmd:date>
                     <gmd:CI_Date>
                        <gmd:date>
                           <gco:Date>2024-03-14</gco:Date>
                        </gmd:date>
                        <gmd:dateType>
                           <gmd:CI_DateTypeCode codeList="https://vocab.nerc.ac.uk/isoCodelists/sdnCodelists/gmxCodeLists.xml#CI_DateTypeCode" codeListValue="revision" codeSpace="ISOTC211/19115">revision</gmd:CI_DateTypeCode>
                        </gmd:dateType>
                     </gmd:CI_Date>
                  </gmd:date>
                  <gmd:identifier>
                     <gmd:MD_Identifier>
                        <gmd:code>
                           <gco:CharacterString>29SG20240306_mbe</gco:CharacterString>
                        </gmd:code>
                     </gmd:MD_Identifier>
                  </gmd:identifier>
                  <gmd:citedResponsibleParty>
                     <gmd:CI_ResponsibleParty>
                        <gmd:organisationName>
                           <sdn:SDN_EDMOCode codeList="https://edmo.seadatanet.org/isocodelists/edmo-edmerp-codelists.xml#SDN_EDMOCode" codeSpace="SeaDataNet" codeListValue="1396">UGR-CSIC, Andalusian Earth Sciences Institute (IACT-UGR-CSIC)</sdn:SDN_EDMOCode>
                        </gmd:organisationName>
                        <gmd:contactInfo>
                           <gmd:CI_Contact>
                              <gmd:address>
                                 <gmd:CI_Address>
                                    <gmd:deliveryPoint>
                                       <gco:CharacterString>Avda. de las Palmeras, 4&#13;
</gco:CharacterString>
                                    </gmd:deliveryPoint>
                                    <gmd:city>
                                       <gco:CharacterString>Spain</gco:CharacterString>
                                    </gmd:city>
                                    <gmd:postalCode>
                                       <gco:CharacterString/>
                                    </gmd:postalCode>
                                    <gmd:country>
                                       <sdn:SDN_CountryCode codeSpace="SeaDataNet" codeListValue="99" codeList="https://vocab.nerc.ac.uk/isoCodelists/sdnCodelists/cdicsrCodeList.xml#SDN_CountryCode">Unknown</sdn:SDN_CountryCode>
                                    </gmd:country>
                                    <gmd:electronicMailAddress>
                                       <gco:CharacterString>sdn-userdesk@seadatanet.org</gco:CharacterString>
                                    </gmd:electronicMailAddress>
                                 </gmd:CI_Address>
                              </gmd:address>
                           </gmd:CI_Contact>
                        </gmd:contactInfo>
                        <gmd:role>
                           <gmd:CI_RoleCode codeList="https://vocab.nerc.ac.uk/isoCodelists/sdnCodelists/gmxCodeLists.xml#CI_RoleCode" codeListValue="originator" codeSpace="ISOTC211/19115">originator</gmd:CI_RoleCode>
                        </gmd:role>
                     </gmd:CI_ResponsibleParty>
                  </gmd:citedResponsibleParty>
               </gmd:CI_Citation>
            </gmd:citation>
            <gmd:abstract>
               <gco:CharacterString>Multibeam data acquired on board the R/V Sarmiento de Gamboa with an Atlas Hydrosweep DS-31 during the SANIMED cruise.</gco:CharacterString>
            </gmd:abstract>
            <gmd:pointOfContact>
               <gmd:CI_ResponsibleParty>
                  <gmd:organisationName>
                     <sdn:SDN_EDMOCode codeList="https://edmo.seadatanet.org/isocodelists/edmo-edmerp-codelists.xml#SDN_EDMOCode" codeSpace="SeaDataNet" codeListValue="1396">UGR-CSIC, Andalusian Earth Sciences Institute (IACT-UGR-CSIC)</sdn:SDN_EDMOCode>
                  </gmd:organisationName>
                  <gmd:contactInfo>
                     <gmd:CI_Contact>
                        <gmd:address>
                           <gmd:CI_Address>
                              <gmd:deliveryPoint>
                                 <gco:CharacterString>Avda. de las Palmeras, 4&#13;
</gco:CharacterString>
                              </gmd:deliveryPoint>
                              <gmd:city>
                                 <gco:CharacterString>Spain</gco:CharacterString>
                              </gmd:city>
                              <gmd:country>
                                 <sdn:SDN_CountryCode codeSpace="SeaDataNet" codeListValue="99" codeList="https://vocab.nerc.ac.uk/isoCodelists/sdnCodelists/cdicsrCodeList.xml#SDN_CountryCode">Unknown</sdn:SDN_CountryCode>
                              </gmd:country>
                              <gmd:electronicMailAddress>
                                 <gco:CharacterString>sdn-userdesk@seadatanet.org</gco:CharacterString>
                              </gmd:electronicMailAddress>
                           </gmd:CI_Address>
                        </gmd:address>
                     </gmd:CI_Contact>
                  </gmd:contactInfo>
                  <gmd:role>
                     <gmd:CI_RoleCode codeList="https://vocab.nerc.ac.uk/isoCodelists/sdnCodelists/gmxCodeLists.xml#CI_RoleCode" codeListValue="custodian" codeSpace="ISOTC211/19115">custodian</gmd:CI_RoleCode>
                  </gmd:role>
               </gmd:CI_ResponsibleParty>
            </gmd:pointOfContact>
            <gmd:resourceMaintenance>
               <gmd:MD_MaintenanceInformation>
                  <gmd:maintenanceAndUpdateFrequency>
                     <gmd:MD_MaintenanceFrequencyCode codeList="https://vocab.nerc.ac.uk/isoCodelists/sdnCodelists/gmxCodeLists.xml#MD_MaintenanceFrequencyCode" codeListValue="continual">continual</gmd:MD_MaintenanceFrequencyCode>
                  </gmd:maintenanceAndUpdateFrequency>
                  <gmd:userDefinedMaintenanceFrequency>
                     <gts:TM_PeriodDuration>P35D</gts:TM_PeriodDuration>
                  </gmd:userDefinedMaintenanceFrequency>
               </gmd:MD_MaintenanceInformation>
            </gmd:resourceMaintenance>
            <gmd:descriptiveKeywords>
               <gmd:MD_Keywords>
                  <gmd:keyword>
                     <gco:CharacterString>Oceanographic geographical features</gco:CharacterString>
                  </gmd:keyword>
                  <gmd:type>
                     <gmd:MD_KeywordTypeCode codeSpace="SeaDataNet" codeList="https://vocab.nerc.ac.uk/isoCodelists/sdnCodelists/gmxCodeLists.xml#MD_KeywordTypeCode" codeListValue="theme">theme</gmd:MD_KeywordTypeCode>
                  </gmd:type>
                  <gmd:thesaurusName>
                     <gmd:CI_Citation>
                        <gmd:title>
                           <gco:CharacterString>GEMET - INSPIRE themes, version 1.0</gco:CharacterString>
                        </gmd:title>
                        <gmd:date>
                           <gmd:CI_Date>
                              <gmd:date>
                                 <gco:Date>2008-06-01</gco:Date>
                              </gmd:date>
                              <gmd:dateType>
                                 <gmd:CI_DateTypeCode codeList="https://vocab.nerc.ac.uk/isoCodelists/sdnCodelists/gmxCodeLists.xml#CI_DateTypeCode" codeListValue="publication" codeSpace="ISOTC211/19115">publication</gmd:CI_DateTypeCode>
                              </gmd:dateType>
                           </gmd:CI_Date>
                        </gmd:date>
                     </gmd:CI_Citation>
                  </gmd:thesaurusName>
               </gmd:MD_Keywords>
            </gmd:descriptiveKeywords>
            <gmd:descriptiveKeywords>
               <gmd:MD_Keywords>
                  <gmd:keyword>
                     <sdn:SDN_ParameterDiscoveryCode codeSpace="SeaDataNet" codeListValue="MBAN" codeList="https://vocab.nerc.ac.uk/isoCodelists/sdnCodelists/cdicsrCodeList.xml#SDN_ParameterDiscoveryCode">Bathymetry and Elevation</sdn:SDN_ParameterDiscoveryCode>
                  </gmd:keyword>
                  <gmd:type>
                     <gmd:MD_KeywordTypeCode codeSpace="SeaDataNet" codeList="https://vocab.nerc.ac.uk/isoCodelists/sdnCodelists/gmxCodeLists.xml#MD_KeywordTypeCode" codeListValue="parameter">parameter</gmd:MD_KeywordTypeCode>
                  </gmd:type>
                  <gmd:thesaurusName>
                     <gmd:CI_Citation>
                        <gmd:title>
                           <gco:CharacterString>SeaDataNet Parameter Discovery Vocabulary</gco:CharacterString>
                        </gmd:title>
                        <gmd:alternateTitle>
                           <gco:CharacterString>P02</gco:CharacterString>
                        </gmd:alternateTitle>
                        <gmd:date>
                           <gmd:CI_Date>
                              <gmd:date>
                                 <gco:Date>2022-05-04</gco:Date>
                              </gmd:date>
                              <gmd:dateType>
                                 <gmd:CI_DateTypeCode codeList="https://vocab.nerc.ac.uk/isoCodelists/sdnCodelists/gmxCodeLists.xml#CI_DateTypeCode" codeListValue="revision" codeSpace="ISOTC211/19115">revision</gmd:CI_DateTypeCode>
                              </gmd:dateType>
                           </gmd:CI_Date>
                        </gmd:date>
                        <gmd:edition>
                           <gco:CharacterString>120</gco:CharacterString>
                        </gmd:edition>
                        <gmd:identifier>
                           <gmd:MD_Identifier>
                              <gmd:code>
                                 <gco:CharacterString>https://www.seadatanet.org/urnurl/SDN:P02</gco:CharacterString>
                              </gmd:code>
                           </gmd:MD_Identifier>
                        </gmd:identifier>
                     </gmd:CI_Citation>
                  </gmd:thesaurusName>
               <gmd:keyword><sdn:SDN_ParameterDiscoveryCode codeSpace="SeaDataNet" codeListValue="SDAC" codeList="https://vocab.nerc.ac.uk/isoCodelists/sdnCodelists/cdicsrCodeList.xml#SDN_ParameterDiscoveryCode">Sediment acoustics</sdn:SDN_ParameterDiscoveryCode></gmd:keyword><gmd:keyword><sdn:SDN_ParameterDiscoveryCode codeSpace="SeaDataNet" codeListValue="SVEL" codeList="https://vocab.nerc.ac.uk/isoCodelists/sdnCodelists/cdicsrCodeList.xml#SDN_ParameterDiscoveryCode">Sound velocity and travel time in the water column</sdn:SDN_ParameterDiscoveryCode></gmd:keyword><gmd:keyword><sdn:SDN_ParameterDiscoveryCode codeSpace="SeaDataNet" codeListValue="AYMD" codeList="https://vocab.nerc.ac.uk/isoCodelists/sdnCodelists/cdicsrCodeList.xml#SDN_ParameterDiscoveryCode">Date and time</sdn:SDN_ParameterDiscoveryCode></gmd:keyword></gmd:MD_Keywords>
            </gmd:descriptiveKeywords>
            <gmd:descriptiveKeywords>
               <gmd:MD_Keywords>
                  <gmd:keyword>
                     <sdn:SDN_SeaVoxDeviceCatalogueCode codeSpace="SeaDataNet" codeList="https://vocab.nerc.ac.uk/isoCodelists/sdnCodelists/cdicsrCodeList.xml#SDN_SeaVoxDeviceCatalogueCode" codeListValue="TOOL0911">Atlas Hydrographic Hydrosweep DS  multibeam echo sounder</sdn:SDN_SeaVoxDeviceCatalogueCode>
                  </gmd:keyword>
                  <gmd:type>
                     <gmd:MD_KeywordTypeCode codeSpace="SeaDataNet" codeList="https://vocab.nerc.ac.uk/isoCodelists/sdnCodelists/gmxCodeLists.xml#MD_KeywordTypeCode" codeListValue="sensor_model">sensor_model</gmd:MD_KeywordTypeCode>
                  </gmd:type>
                  <gmd:thesaurusName>
                     <gmd:CI_Citation>
                        <gmd:title>
                           <gco:CharacterString>SeaVoX Device Catalogue</gco:CharacterString>
                        </gmd:title>
                        <gmd:alternateTitle>
                           <gco:CharacterString>L22</gco:CharacterString>
                        </gmd:alternateTitle>
                        <gmd:date>
                           <gmd:CI_Date>
                              <gmd:date>
                                 <gco:Date>2022-05-18</gco:Date>
                              </gmd:date>
                              <gmd:dateType>
                                 <gmd:CI_DateTypeCode codeList="https://vocab.nerc.ac.uk/isoCodelists/sdnCodelists/gmxCodeLists.xml#CI_DateTypeCode" codeListValue="revision" codeSpace="ISOTC211/19115">revision</gmd:CI_DateTypeCode>
                              </gmd:dateType>
                           </gmd:CI_Date>
                        </gmd:date>
                        <gmd:edition>
                           <gco:CharacterString>561</gco:CharacterString>
                        </gmd:edition>
                        <gmd:identifier>
                           <gmd:MD_Identifier>
                              <gmd:code>
                                 <gco:CharacterString>https://www.seadatanet.org/urnurl/SDN:L22</gco:CharacterString>
                              </gmd:code>
                           </gmd:MD_Identifier>
                        </gmd:identifier>
                     </gmd:CI_Citation>
                  </gmd:thesaurusName>
               </gmd:MD_Keywords>
            </gmd:descriptiveKeywords>
            <gmd:descriptiveKeywords>
               <gmd:MD_Keywords>
                  <gmd:keyword>
                     <sdn:SDN_DeviceCategoryCode codeSpace="SeaDataNet" codeListValue="157" codeList="https://vocab.nerc.ac.uk/isoCodelists/sdnCodelists/cdicsrCodeList.xml#SDN_DeviceCategoryCode">multi-beam echosounders</sdn:SDN_DeviceCategoryCode>
                  </gmd:keyword>
                  <gmd:type>
                     <gmd:MD_KeywordTypeCode codeSpace="SeaDataNet" codeList="https://vocab.nerc.ac.uk/isoCodelists/sdnCodelists/gmxCodeLists.xml#MD_KeywordTypeCode" codeListValue="instrument">instrument</gmd:MD_KeywordTypeCode>
                  </gmd:type>
                  <gmd:thesaurusName>
                     <gmd:CI_Citation>
                        <gmd:title>
                           <gco:CharacterString>SeaDataNet device categories</gco:CharacterString>
                        </gmd:title>
                        <gmd:alternateTitle>
                           <gco:CharacterString>L05</gco:CharacterString>
                        </gmd:alternateTitle>
                        <gmd:date>
                           <gmd:CI_Date>
                              <gmd:date>
                                 <gco:Date>2022-04-28</gco:Date>
                              </gmd:date>
                              <gmd:dateType>
                                 <gmd:CI_DateTypeCode codeList="https://vocab.nerc.ac.uk/isoCodelists/sdnCodelists/gmxCodeLists.xml#CI_DateTypeCode" codeListValue="revision" codeSpace="ISOTC211/19115">revision</gmd:CI_DateTypeCode>
                              </gmd:dateType>
                           </gmd:CI_Date>
                        </gmd:date>
                        <gmd:edition>
                           <gco:CharacterString>82</gco:CharacterString>
                        </gmd:edition>
                        <gmd:identifier>
                           <gmd:MD_Identifier>
                              <gmd:code>
                                 <gco:CharacterString>https://www.seadatanet.org/urnurl/SDN:L05</gco:CharacterString>
                              </gmd:code>
                           </gmd:MD_Identifier>
                        </gmd:identifier>
                     </gmd:CI_Citation>
                  </gmd:thesaurusName>
               </gmd:MD_Keywords>
            </gmd:descriptiveKeywords>
            <gmd:descriptiveKeywords>
               <gmd:MD_Keywords>
                  <gmd:keyword>
                     <sdn:SDN_PlatformCategoryCode codeSpace="SeaDataNet" codeListValue="31" codeList="https://vocab.nerc.ac.uk/isoCodelists/sdnCodelists/cdicsrCodeList.xml#SDN_PlatformCategoryCode">research vessel</sdn:SDN_PlatformCategoryCode>
                  </gmd:keyword>
                  <gmd:type>
                     <gmd:MD_KeywordTypeCode codeSpace="SeaDataNet" codeList="https://vocab.nerc.ac.uk/isoCodelists/sdnCodelists/gmxCodeLists.xml#MD_KeywordTypeCode" codeListValue="platform_class">platform_class</gmd:MD_KeywordTypeCode>
                  </gmd:type>
                  <gmd:thesaurusName>
                     <gmd:CI_Citation>
                        <gmd:title>
                           <gco:CharacterString>SeaVoX Platform Categories</gco:CharacterString>
                        </gmd:title>
                        <gmd:alternateTitle>
                           <gco:CharacterString>L06</gco:CharacterString>
                        </gmd:alternateTitle>
                        <gmd:date>
                           <gmd:CI_Date>
                              <gmd:date>
                                 <gco:Date>2021-03-25</gco:Date>
                              </gmd:date>
                              <gmd:dateType>
                                 <gmd:CI_DateTypeCode codeList="https://vocab.nerc.ac.uk/isoCodelists/sdnCodelists/gmxCodeLists.xml#CI_DateTypeCode" codeListValue="revision" codeSpace="ISOTC211/19115">revision</gmd:CI_DateTypeCode>
                              </gmd:dateType>
                           </gmd:CI_Date>
                        </gmd:date>
                        <gmd:edition>
                           <gco:CharacterString>17</gco:CharacterString>
                        </gmd:edition>
                        <gmd:identifier>
                           <gmd:MD_Identifier>
                              <gmd:code>
                                 <gco:CharacterString>https://www.seadatanet.org/urnurl/SDN:L06</gco:CharacterString>
                              </gmd:code>
                           </gmd:MD_Identifier>
                        </gmd:identifier>
                     </gmd:CI_Citation>
                  </gmd:thesaurusName>
               </gmd:MD_Keywords>
            </gmd:descriptiveKeywords>
            <gmd:resourceConstraints>
               <gmd:MD_Constraints>
                  <gmd:useLimitation>
                     <gco:CharacterString>Not applicable</gco:CharacterString>
                  </gmd:useLimitation>
               </gmd:MD_Constraints>
            </gmd:resourceConstraints>
            <gmd:resourceConstraints>
               <gmd:MD_LegalConstraints>
                  <gmd:accessConstraints>
                     <gmd:MD_RestrictionCode codeListValue="otherRestrictions" codeList="https://vocab.nerc.ac.uk/isoCodelists/sdnCodelists/gmxCodeLists.xml#MD_RestrictionCode">otherRestrictions</gmd:MD_RestrictionCode>
                  </gmd:accessConstraints>
                  <gmd:otherConstraints>
                     <gmx:Anchor xlink:href="https://www.seadatanet.org/urnurl/SDN:L08::RS">by negotiation</gmx:Anchor>
                  </gmd:otherConstraints>
               </gmd:MD_LegalConstraints>
            </gmd:resourceConstraints>
            <gmd:aggregationInfo>
               <gmd:MD_AggregateInformation>
                  <gmd:aggregateDataSetName>
                     <gmd:CI_Citation>
                        <gmd:title>
                           <gco:CharacterString>SANIMED</gco:CharacterString>
                        </gmd:title>
                        <gmd:alternateTitle>
                           <gco:CharacterString>29SG20240306</gco:CharacterString>
                        </gmd:alternateTitle>
                        <gmd:date>
                           <gmd:CI_Date>
                              <gmd:date>
                                 <gco:Date>2024-03-06</gco:Date>
                              </gmd:date>
                              <gmd:dateType>
                                 <gmd:CI_DateTypeCode codeList="https://vocab.nerc.ac.uk/isoCodelists/sdnCodelists/gmxCodeLists.xml#CI_DateTypeCode" codeListValue="revision" codeSpace="ISOTC211/19115">revision</gmd:CI_DateTypeCode>
                              </gmd:dateType>
                           </gmd:CI_Date>
                        </gmd:date>
                     </gmd:CI_Citation>
                  </gmd:aggregateDataSetName>
                  <gmd:aggregateDataSetIdentifier>
                     <gmd:MD_Identifier>
                        <gmd:code>
                           <sdn:SDN_CSRCode codeListValue="21032710" codeList="https://csr.seadatanet.org/isoCodelists/csrCodeList.xml#SDN_CSRCode" codeSpace="SeaDataNet">SANIMED - Sarmiento de Gamboa(29AH)</sdn:SDN_CSRCode>
                        </gmd:code>
                     </gmd:MD_Identifier>
                  </gmd:aggregateDataSetIdentifier>
                  <gmd:associationType>
                     <gmd:DS_AssociationTypeCode codeListValue="largerWorkCitation" codeList="https://vocab.nerc.ac.uk/isoCodelists/sdnCodelists/gmxCodeLists.xml#DS_AssociationTypeCode" codeSpace="ISOTC211/19115">largerWorkCitation</gmd:DS_AssociationTypeCode>
                  </gmd:associationType>
                  <gmd:initiativeType>
                     <gmd:DS_InitiativeTypeCode codeListValue="campaign" codeList="https://vocab.nerc.ac.uk/isoCodelists/sdnCodelists/gmxCodeLists.xml#DS_InitiativeTypeCode" codeSpace="ISOTC211/19115">campaign</gmd:DS_InitiativeTypeCode>
                  </gmd:initiativeType>
               </gmd:MD_AggregateInformation>
            </gmd:aggregationInfo>
            <gmd:spatialRepresentationType>
               <gmd:MD_SpatialRepresentationTypeCode codeList="https://vocab.nerc.ac.uk/isoCodelists/sdnCodelists/gmxCodeLists.xml#MD_SpatialRepresentationTypeCode" codeListValue="textTable">textTable</gmd:MD_SpatialRepresentationTypeCode>
            </gmd:spatialRepresentationType>
            <gmd:language>
               <gmd:LanguageCode codeList="https://vocab.nerc.ac.uk/isoCodelists/sdnCodelists/gmxCodeLists.xml#LanguageCode" codeListValue="eng" codeSpace="ISOTC211/19115">English</gmd:LanguageCode>
            </gmd:language>
            <gmd:characterSet>
               <gmd:MD_CharacterSetCode codeList="https://vocab.nerc.ac.uk/isoCodelists/sdnCodelists/gmxCodeLists.xml#MD_CharacterSetCode" codeListValue="utf8" codeSpace="ISOTC211/19115">utf8</gmd:MD_CharacterSetCode>
            </gmd:characterSet>
            <gmd:topicCategory>
               <gmd:MD_TopicCategoryCode>oceans</gmd:MD_TopicCategoryCode>
            </gmd:topicCategory>
            <gmd:extent>
               <gmd:EX_Extent>
                  <gmd:geographicElement>
                     <gmd:EX_GeographicBoundingBox>
                        <gmd:westBoundLongitude>
                           <gco:Decimal>-5.1110967</gco:Decimal>
                        </gmd:westBoundLongitude>
                        <gmd:eastBoundLongitude>
                           <gco:Decimal>-3.2279975</gco:Decimal>
                        </gmd:eastBoundLongitude>
                        <gmd:southBoundLatitude>
                           <gco:Decimal>36.0845367</gco:Decimal>
                        </gmd:southBoundLatitude>
                        <gmd:northBoundLatitude>
                           <gco:Decimal>36.7407303</gco:Decimal>
                        </gmd:northBoundLatitude>
                     </gmd:EX_GeographicBoundingBox>
                  </gmd:geographicElement>
                  <gmd:geographicElement>
                     <gmd:EX_BoundingPolygon>
                        <gmd:polygon>
                           <gml:MultiCurve gml:id="mc01">
                              <gml:curveMember>
                                 <gml:LineString gml:id="ls001">
                                    <gml:description>curve n&#176;1 from multicurve</gml:description>
                                    <gml:name codeSpace="https://www.seadatanet.org/urnurl/">_1</gml:name>
                                    <gml:posList>-5.1110967 36.0845367 -5.0082233 36.1077483 -4.8991183 36.1252467 -4.7871333 36.14524 -4.7064283 36.16793 -4.688225 36.1925083 -4.668045 36.2349117 -4.617035 36.2556067 -4.55825 36.3095233 -4.51226 36.3933433 -4.4604233 36.47853 -4.4179667 36.5635783 -4.41048 36.6542767 -4.4166367 36.7132633 -4.4175233 36.7173917 -4.4175483 36.717345 -4.4175367 36.7173533 -4.4175517 36.7173917 -4.4175333 36.7173533 -4.417525 36.7173683 -4.41755 36.71735 -4.4175367 36.717365 -4.4175433 36.71735 -4.4175433 36.7173567 -4.4175433 36.717365 -4.4175417 36.71735 -4.41754 36.71735 -4.417535 36.7173717 -4.417535 36.717365 -4.4175417 36.717365 -4.4175417 36.717365 -4.4175383 36.71736 -4.4175483 36.7173683 -4.4175483 36.7173683 -4.4175433 36.71736 -4.4175467 36.71736 -4.4175467 36.7173567 -4.4175483 36.71736 -4.4175417 36.717365 -4.4175467 36.71736 -4.4175433 36.7173533 -4.4175417 36.7173567 -4.4175383 36.7173567 -4.41754 36.71736 -4.4175417 36.71736 -4.4175367 36.7173567 -4.4175383 36.71735 -4.4175383 36.7173567 -4.4175433 36.7173533 -4.4175433 36.7173533 -4.417545 36.71736 -4.4175483 36.717365 -4.41754 36.7173683 -4.41754 36.7173683 -4.4175433 36.717365 -4.4175417 36.71736 -4.417555 36.71736 -4.396845 36.6781717 -4.2760103 36.6017412 -4.1705103 36.5845627 -4.0725602 36.6000647 -4.0710973 36.5994437 -4.0710857 36.5994735 -4.0710897 36.599462 -4.0711 36.6083045 -4.0693135 36.6164507 -4.0407825 36.6382865 -3.970146 36.6586503 -3.8998735 36.6780823 -3.8281142 36.6949462 -3.7553783 36.704331 -3.6872235 36.7138802 -3.6536195 36.7201403 -3.6313135 36.7165088 -3.6148412 36.7154952 -3.6396413 36.7197703 -3.6653233 36.722021 -3.6511587 36.707541 -3.6092935 36.6868275 -3.5652403 36.6679027 -3.5823158 36.6656283 -3.6254478 36.6849997 -3.6673838 36.7047552 -3.7095898 36.7211507 -3.6836632 36.7144598 -3.634003 36.7144678 -3.597413 36.6935655 -3.5558558 36.6738197 -3.558051 36.6960605 -3.5817115 36.7038495 -3.586818 36.7109543 -3.586806 36.7109627 -3.5868213 36.7109657 -3.5868148 36.7109495 -3.5868247 36.7109583 -3.5868228 36.710948 -3.5868248 36.710963 -3.5868342 36.7109582 -3.5868175 36.7109597 -3.5868218 36.7109638 -3.5868228 36.7109638 -3.587012 36.7106857 -3.5872162 36.7106382 -3.5878697 36.7104522 -3.5878755 36.7104405 -3.5886085 36.7102182 -3.6071313 36.6944278 -3.587401 36.6784855 -3.5396447 36.6786008 -3.4911668 36.6789297 -3.4393262 36.678747 -3.3902602 36.679414 -3.3409302 36.6887868 -3.292644 36.6990005 -3.2449017 36.7087918 -3.2524838 36.6981352 -3.3033547 36.6879235 -3.3539378 36.6761427 -3.4043657 36.6662788 -3.4982308 36.6588657 -3.6049437 36.6578472 -3.7121747 36.6560395 -3.816375 36.6572475 -3.9226635 36.6568402 -4.0264478 36.6576388 -4.1324385 36.6591372 -4.238874 36.6612485 -4.3471468 36.6628403 -4.4168023 36.6998533 -4.4175737 36.7173003 -4.417673 36.7173 -4.4176708 36.7173067 -4.4176763 36.7173123 -4.417664 36.7173047 -4.4176637 36.7173022 -4.417673 36.7173035 -4.4176677 36.7173032 -4.4176752 36.7172963 -4.4176702 36.7172948 -4.4176728 36.7172975 -4.4176707 36.7172972 -4.4176698 36.7172967 -4.4176715 36.7172962 -4.4176748 36.7172968 -4.4176687 36.7172973 -4.4176713 36.717297 -4.4176738 36.7172958 -4.4176725 36.7172968 -4.4176738 36.7172932 -4.4176673 36.7172955 -4.4176717 36.7172952 -4.4176717 36.717297 -4.4176745 36.7172968 -4.4176725 36.7173062 -4.4176685 36.7173072 -4.4176732 36.7173018 -4.4176733 36.7172985 -4.4176738 36.7173 -4.4176763 36.7172993 -4.4176795 36.7172925 -4.41767 36.717297 -4.417671 36.717303 -4.4176687 36.7172997 -4.4176703 36.7173047 -4.4176702 36.717301 -4.4176665 36.7172928 -4.4176777 36.717297 -4.4176688 36.7172935 -4.417665 36.7172927 -4.4176665 36.7172975 -4.4176663 36.7172978 -4.4176665 36.7172863 -4.4176697 36.7173053 -4.4176707 36.7173008 -4.4176733 36.7172972 -4.4176743 36.7172983 -4.4176752 36.7172978 -4.417675 36.7173005 -4.4176715 36.7172932 -4.4176682 36.717295 -4.4176698 36.7172953 -4.4176692 36.717297 -4.417673 36.7172972 -4.4176685 36.7172977 -4.417675 36.7172977 -4.4176712 36.7173003 -4.4176743 36.7172978 -4.4176757 36.7172998 -4.4176698 36.7172962 -4.4176738 36.717293 -4.4176695 36.717296 -4.417671 36.7172932 -4.4176733 36.7172895 -4.417672 36.7172933 -4.4176703 36.7172953 -4.4176692 36.717298 -4.4176707 36.7172965 -4.4176648 36.7172952 -4.4176678 36.7172937 -4.417671 36.7172912 -4.4176713 36.7172938 -4.4176695 36.7172982 -4.4176562 36.7172902 -4.4017947 36.68316 -4.3057195 36.654332 -4.1913798 36.6547745 -4.0747583 36.657104 -3.9667733 36.6868123 -3.8624473 36.7201795 -3.79196 36.7309578 -3.7679905 36.7153192 -3.8150978 36.7292032 -3.7695017 36.7046867 -3.7211438 36.6832067 -3.6902043 36.6608195 -3.7399338 36.6819545 -3.787657 36.7027415 -3.8402062 36.7163743 -3.81563 36.70945 -3.767449 36.7092043 -3.7176323 36.7100547 -3.6684015 36.7098615 -3.6210158 36.7098788 -3.5693608 36.7083887 -3.5625417 36.6792332 -3.5873233 36.64391 -3.5924105 36.674017 -3.5696572 36.7091402 -3.6018255 36.6952005 -3.6342852 36.6612387 -3.627406 36.69831 -3.6157515 36.7323375 -3.5681707 36.7074723 -3.5264993 36.709219 -3.5461982 36.6694793 -3.5447435 36.6514948 -3.5239028 36.6883712 -3.512998 36.6852975 -3.5367148 36.6445123 -3.5128277 36.664185 -3.5095785 36.6920472 -3.5645215 36.6914107 -3.5660698 36.6912922 -3.564095 36.705502 -3.5641827 36.7054945 -3.5641668 36.7054698 -3.5641802 36.705468 -3.564201 36.7054667 -3.5641912 36.7054687 -3.5642053 36.7054667 -3.5641953 36.7054685 -3.5642047 36.705471 -3.5641938 36.705464 -3.5642015 36.7054613 -3.564203 36.7054578 -3.564197 36.7054502 -3.5333668 36.6794647 -3.5304167 36.669565 -3.5311972 36.6695623 -3.5311875 36.6695587 -3.5311735 36.6695545 -3.5311922 36.6695567 -3.5333395 36.669325 -3.5834093 36.669426 -3.6315263 36.6696067 -3.6810597 36.669278 -3.7313752 36.6689388 -3.750154 36.6718183 -3.720561 36.7117265 -3.7287265 36.6989703 -3.6762868 36.6967963 -3.6225412 36.6972535 -3.571265 36.6979412 -3.526213 36.6936112 -3.5307537 36.6699093 -3.530758 36.6698998 -3.5307508 36.6698943 -3.5319382 36.6703325 -3.531946 36.670332 -3.5319412 36.6703228 -3.532178 36.670667 -3.5335392 36.6726235 -3.5333912 36.6742968 -3.532974 36.6748603 -3.5322678 36.6763792 -3.531605 36.6779148 -3.5315695 36.6779685 -3.530593 36.6793227 -3.5304927 36.6806343 -3.5304943 36.6814007 -3.5304915 36.681539 -3.5252758 36.6831668 -3.4791007 36.6808497 -3.4728567 36.680967 -3.4728508 36.6809608 -3.4728532 36.6809697 -3.4728542 36.6809673 -3.4729038 36.676158 -3.4728573 36.6674497 -3.47286 36.667449 -3.4728602 36.6638963 -3.4728503 36.6539357 -3.4750525 36.6490712 -3.4759208 36.6471563 -3.4794767 36.639306 -3.4797432 36.6386907 -3.4797477 36.6386915 -3.4797435 36.6386928 -3.4783147 36.6366945 -3.4748743 36.6319582 -3.4748667 36.6319493 -3.4748615 36.6319552 -3.4748707 36.6319515 -3.47107 36.6310052 -3.5082598 36.6502335 -3.4887212 36.6865708 -3.522315 36.7100185 -3.5222155 36.7099312 -3.5222067 36.709936 -3.509075 36.6992282 -3.4729993 36.6640582 -3.4712677 36.6642582 -3.4712602 36.6642547 -3.4712673 36.6642548 -3.4712635 36.6642505 -3.4712617 36.6642485 -3.4714432 36.6654267 -3.4716808 36.6669718 -3.4718827 36.6684738 -3.4716912 36.6696138 -3.4718053 36.6703788 -3.4719057 36.6712117 -3.4715492 36.671709 -3.4709593 36.6725365 -3.471834 36.6737647 -3.4743503 36.6751452 -3.4746857 36.675322 -3.4746913 36.6753213 -3.4746887 36.6753155 -3.4752538 36.6512577 -3.4705733 36.6040157 -3.4656903 36.5817398 -3.4651223 36.5814857 -3.4651185 36.5814788 -3.4651187 36.5814767 -3.4651265 36.5814785 -3.4651357 36.5814783 -3.4651258 36.5814852 -3.4651278 36.5814892 -3.4651243 36.5814823 -3.465133 36.5814823 -3.4651263 36.5814918 -3.4631837 36.5843988 -3.4546088 36.5933587 -3.4546502 36.5933702 -3.4546253 36.5933695 -3.4546072 36.5933725 -3.4546055 36.5933688 -3.454605 36.5933732 -3.4546073 36.5933898 -3.4546157 36.5933743 -3.4613062 36.5658333 -3.4686962 36.6059163 -3.4711962 36.627664 -3.4712047 36.6276823 -3.4711835 36.6276742 -3.471213 36.6276768 -3.4712258 36.6276948 -3.4715748 36.628519 -3.4718475 36.6291465 -3.4723463 36.6302372 -3.4733057 36.6323772 -3.4739168 36.6332853 -3.4742732 36.6334005 -3.474536 36.6334747 -3.4763553 36.6340053 -3.4785248 36.6350417 -3.478648 36.6358862 -3.4786367 36.6358953 -3.4786357 36.6358945 -3.478633 36.6358962 -3.4782237 36.636223 -3.4783942 36.635456 -3.4788875 36.6352228 -3.4788752 36.635245 -3.4788833 36.6352355 -3.4806123 36.637291 -3.4747498 36.640176 -3.4750312 36.6413597 -3.4868017 36.6189707 -3.4801965 36.6297477 -3.5029542 36.5784368 -3.5102953 36.5410435 -3.5099477 36.5409578 -3.5099435 36.5409677 -3.5099455 36.5409547 -3.509942 36.5409637 -3.509951 36.5409647 -3.5099432 36.5409647 -3.5099495 36.540961 -3.509947 36.5409593 -3.4934858 36.541723 -3.485711 36.5414803 -3.4857095 36.541492 -3.4857027 36.541501 -3.485706 36.541497 -3.4857057 36.5414932 -3.4857043 36.5414937 -3.4857065 36.5415093 -3.4854397 36.5417215 -3.4812183 36.5523175 -3.4811403 36.5905428 -3.4801393 36.6299065 -3.4792825 36.6361327 -3.4792997 36.6361393 -3.4792998 36.6361407 -3.4793003 36.635113 -3.4793028 36.6347817 -3.4792945 36.634791 -3.479297 36.6347868 -3.4792905 36.6347915 -3.4792967 36.6347808 -3.4792975 36.6347995 -3.4792998 36.634781 -3.4792915 36.634785 -3.4792943 36.6347855 -3.4797465 36.634847 -3.480395 36.634926 -3.4808005 36.6350125 -3.4817403 36.6351182 -3.4817278 36.6351257 -3.469889 36.6292133 -3.472554 36.6271737 -3.517797 36.6424595 -3.5393472 36.6572388 -3.4952627 36.6421582 -3.450464 36.6278782 -3.4747828 36.6425567 -3.5199685 36.6579932 -3.5674405 36.6794265 -3.600158 36.6984375 -3.6001043 36.6984123 -3.6001277 36.6984 -3.6001228 36.6984112 -3.6001312 36.6984053 -3.600123 36.6984043 -3.6001258 36.6984047 -3.5989398 36.6974947 -3.5900042 36.6933295 -3.5899923 36.6933347 -3.5899967 36.6933383 -3.5899928 36.6933332 -3.5887522 36.6930432 -3.5795663 36.6904988 -3.5795583 36.6904968 -3.5795622 36.6904903 -3.5789855 36.6902043 -3.5729135 36.6873963 -3.5729015 36.6873952 -3.5729052 36.6874025 -3.5703282 36.6811472 -3.5122087 36.6629643 -3.4775287 36.6630387 -3.4775398 36.6630395 -3.47752 36.6630587 -3.4775208 36.663046 -3.477522 36.6630405 -3.4773938 36.6644988 -3.4771585 36.665589 -3.4769385 36.6665578 -3.4763163 36.6694147 -3.4757757 36.6712487 -3.4757437 36.6712867 -3.4757505 36.6713045 -3.4927853 36.6782555 -3.5135787 36.6408922 -3.4921608 36.6585993 -3.4678445 36.6872973 -3.4818295 36.6553353 -3.4896627 36.6243553 -3.4689542 36.6574298 -3.447693 36.689075 -3.4541168 36.6607297 -3.4742075 36.625185 -3.4524548 36.619916 -3.4942717 36.6344408 -3.5398617 36.6499822 -3.5190485 36.6503885 -3.4735887 36.6349355 -3.4653662 36.6392928 -3.513184 36.6559538 -3.5584612 36.6704822 -3.6247663 36.663874 -3.6925223 36.662353 -3.7566765 36.6587472 -3.81437 36.6537562 -3.8838985 36.6556435 -3.9572768 36.6565028 -4.031145 36.657252 -4.1013075 36.6571528 -4.1715403 36.6544813 -4.2428267 36.6539852 -4.3129047 36.6561178 -4.3815772 36.6718712 -4.4160983 36.7094093 -4.4221182 36.7114635 -4.4221227 36.7114603 -4.4221153 36.7114598 -4.422115 36.7114612 -4.4221207 36.711464 -4.4221212 36.7114692 -4.4221198 36.7114757 -4.4221175 36.7114772 -4.4221167 36.7114747 -4.4221152 36.7114697 -4.4221182 36.7114688 -4.4221253 36.7114605 -4.4221188 36.7114605 -4.4221177 36.7114637 -4.4221227 36.7114643 -4.422119 36.7114715 -4.422122 36.7114852 -4.4221203 36.7114792 -4.4221162 36.7114737 -4.4221172 36.7114653 -4.4221158 36.7114635 -4.4221085 36.711463 -4.4221167 36.7114573 -4.4221138 36.7114638 -4.4221203 36.7114802 -4.4221192 36.7114707 -4.4221148 36.711478 -4.4221165 36.7114688 -4.4221195 36.711468 -4.4221257 36.7114678 -4.4221172 36.7114635 -4.422116 36.711457 -4.4221152 36.7114562 -4.4221143 36.711463 -4.4221163 36.7114577 -4.422113 36.7114665 -4.422115 36.7114647 -4.42212 36.7114698 -4.4221198 36.7114703 -4.4221213 36.7114685 -4.4221202 36.7114658 -4.4221152 36.7114655 -4.4221192 36.7114657 -4.4221188 36.7114642 -4.4221188 36.7114637 -4.422119 36.7114615 -4.422122 36.7114625 -4.4221177 36.7114668 -4.4221175 36.7114665 -4.4221172 36.71146 -4.422121 36.7114617 -4.4221187 36.7114645 -4.4221185 36.7114608 -4.422117 36.7114623 -4.406982 36.6876088 -4.3143172 36.6547138 -4.2043528 36.6563917 -4.091609 36.6589277 -3.9777353 36.6586257 -3.8643053 36.666534 -3.7567665 36.6852047 -3.6466265 36.7030618 -3.5907287 36.7118145 -3.5907212 36.711815 -3.5907285 36.7118163 -3.5907293 36.7118265 -3.5911645 36.7111122 -3.5898588 36.7109683 -3.5475572 36.6969435 -3.5475428 36.6969168 -3.5475337 36.6969363 -3.5546713 36.689716 -3.5546667 36.6897073 -3.5487545 36.6914002 -3.5334277 36.7015065 -3.5492078 36.6785045 -3.6069193 36.6056513 -3.626387 36.5789877 -3.6264072 36.57897 -3.6263983 36.578977 -3.6264075 36.578987 -3.6263997 36.5789815 -3.626403 36.5789742 -3.6237065 36.5855292 -3.6143817 36.6151542 -3.6142683 36.6152335 -3.6142687 36.6152278 -3.6164032 36.62125 -3.6269053 36.6444843 -3.6269002 36.6444773 -3.6268995 36.6444848 -3.6268997 36.6444843 -3.6268485 36.644725 -3.6172065 36.6511183 -3.6171928 36.651118 -3.6171948 36.6511185 -3.5894737 36.6599022 -3.589216 36.6604347 -3.5820613 36.6650295 -3.5339663 36.7011447 -3.5334515 36.701514 -3.5334493 36.701506 -3.535253 36.6990348 -3.5400738 36.6934 -3.5390823 36.6938635 -3.6087798 36.6700328 -3.6091193 36.6692785 -3.609117 36.6692843 -3.6091172 36.669291 -3.606921 36.6747052 -3.6005145 36.7032127 -3.6007718 36.71613 -3.6007657 36.7161263 -3.600771 36.7161205 -3.6016897 36.7147925 -3.6059443 36.7091755 -3.6089185 36.7040168 -3.6094198 36.7041095 -3.6142492 36.6975423 -3.6165352 36.6942773 -3.6224702 36.6865012 -3.6222698 36.6864623 -3.6031257 36.6968607 -3.583467 36.7041935 -3.578525 36.7112902 -3.5662925 36.674142 -3.5467347 36.589667 -3.5285973 36.5045877 -3.5217275 36.4878007 -3.5217377 36.487796 -3.5217115 36.4877785 -3.521713 36.4877803 -3.5228525 36.5029695 -3.5243333 36.5104755 -3.5243553 36.510483 -3.5243435 36.510484 -3.5243483 36.5104788 -3.513461 36.5477725 -3.5118813 36.550994 -3.5118755 36.5509955 -3.5118748 36.5509985 -3.5118835 36.550995 -3.5118858 36.5509953 -3.5118805 36.551028 -3.5252287 36.6014802 -3.5251418 36.6054188 -3.5251497 36.6054163 -3.525136 36.6054227 -3.5272717 36.6303678 -3.5318757 36.6712515 -3.5313712 36.671357 -3.53133 36.6713468 -3.5313432 36.6713457 -3.5309125 36.681744 -3.5318182 36.6818322 -3.5318207 36.681827 -3.5308805 36.6833937 -3.5308612 36.6833985 -3.529067 36.6876505 -3.5290665 36.6876452 -3.5253167 36.7024582 -3.5247945 36.7021537 -3.5247932 36.7021577 -3.5220507 36.694976 -3.5220443 36.6949717 -3.5220485 36.6949658 -3.5220745 36.6949583 -3.522659 36.687647 -3.5235268 36.6819982 -3.5199345 36.681814 -3.5166387 36.6901072 -3.5139862 36.6929913 -3.5139855 36.6929908 -3.5115465 36.6922112 -3.5052427 36.6930308 -3.481333 36.6822415 -3.4813322 36.6822325 -3.4848597 36.6506122 -3.4961295 36.5682228 -3.4925597 36.4941843 -3.4915888 36.4955863 -3.4915953 36.4955838 -3.4915862 36.4955835 -3.4926593 36.5190625 -3.493056 36.51937 -3.4930652 36.519354 -3.493072 36.5193737 -3.4930795 36.5193823 -3.4930717 36.519385 -3.4930793 36.5193823 -3.4898025 36.5429955 -3.4894157 36.5430435 -3.4894178 36.5430367 -3.489423 36.543045 -3.477429 36.5674948 -3.4651263 36.5958172 -3.4651135 36.5958223 -3.4651157 36.5958187 -3.4649762 36.5958065 -3.4843423 36.6341597 -3.484056 36.635816 -3.487073 36.6470527 -3.4806678 36.6879793 -3.4798217 36.6878792 -3.4726638 36.6877917 -3.4649588 36.688177 -3.4554242 36.6879707 -3.4520837 36.6879873 -3.452097 36.6879688 -3.4521002 36.6879718 -3.4422788 36.6878535 -3.4421883 36.6878102 -3.4242722 36.6881023 -3.4213375 36.682758 -3.4179942 36.6789448 -3.417986 36.678949 -3.41747 36.6787637 -3.4684082 36.6454847 -3.4969057 36.621955 -3.5049797 36.6132955 -3.471521 36.6278858 -3.4704412 36.6282297 -3.4704502 36.6282205 -3.470453 36.6282247 -3.4657878 36.6240883 -3.4625182 36.6256388 -3.4693278 36.6047888 -3.4778795 36.6137943 -3.4482053 36.6241597 -3.4921307 36.6219263 -3.4515008 36.6167703 -3.4765093 36.611039 -3.3828753 36.5904745 -3.3919412 36.5736238 -3.44127 36.5734987 -3.4909445 36.5734033 -3.5409033 36.5733367 -3.5892768 36.5733398 -3.6380423 36.5729895 -3.6463653 36.5548813 -3.5951658 36.5553095 -3.5496872 36.564164 -3.5007027 36.5656113 -3.4557377 36.5600888 -3.4080855 36.5593127 -3.361183 36.5584613 -3.3919342 36.5464965 -3.4422117 36.5459843 -3.4895468 36.5454357 -3.539555 36.5448855 -3.59007 36.5444297 -3.6396898 36.5438162 -3.6539703 36.5324357 -3.6047693 36.5326073 -3.5553348 36.5328308 -3.5046703 36.5329455 -3.4569275 36.5330347 -3.4097597 36.5332043 -3.3654008 36.5353518 -3.3893138 36.5225453 -3.4359818 36.5224812 -3.4818047 36.5224052 -3.5285878 36.5222178 -3.576258 36.5213533 -3.6154787 36.5132327 -3.5702755 36.5133928 -3.5300742 36.513179 -3.4953397 36.5127483 -3.4636117 36.5220597 -3.444659 36.5553765 -3.496524 36.554208 -3.5470518 36.5540565 -3.5746815 36.5511308 -3.5364362 36.5262788 -3.4949203 36.4934257 -3.4548683 36.4857353 -3.4390412 36.5143037 -3.4952185 36.51343 -3.550566 36.513092 -3.6088902 36.5183697 -3.6554445 36.5451185 -3.6917302 36.5753098 -3.7263493 36.606411 -3.7441717 36.6388328 -3.7034633 36.6586745 -3.6549443 36.6765567 -3.6835913 36.6907647 -3.7256595 36.7035548 -3.7717092 36.7186823 -3.8166498 36.734118 -3.8618782 36.7280898 -3.9093077 36.718568 -3.9584938 36.7104643 -3.9446892 36.7059837 -3.898867 36.7173767 -3.8529303 36.728588 -3.807504 36.7294592 -3.7656657 36.714375 -3.7242233 36.6999697 -3.679688 36.6838363 -3.6909317 36.6830162 -3.7393853 36.7003302 -3.7887 36.7178155 -3.8372058 36.7266685 -3.8840062 36.7152685 -3.9287935 36.7048335 -3.9693382 36.696394 -3.937581 36.6984263 -3.8939943 36.708474 -3.8534077 36.7178287 -3.8028873 36.7226035 -3.7116262 36.715202 -3.6164547 36.7284285 -3.5437743 36.7033848 -3.5691717 36.7080005 -3.5910612 36.7042455 -3.5656922 36.6969347 -3.6120477 36.7142953 -3.633796 36.714616 -3.6055325 36.7099802 -3.5473333 36.7063263 -3.5242993 36.7198815 -3.5275978 36.7208135 -3.5275983 36.7208107 -3.5275948 36.7208088 -3.5275975 36.7208068 -3.5275955 36.7208133 -3.5275992 36.7208097 -3.527518 36.7209085 -3.541861 36.7049645 -3.6308043 36.7145703 -3.7130938 36.7072085 -3.7995565 36.7109835 -3.8182742 36.7229463 -3.7837252 36.7104693 -3.7478883 36.6983073 -3.7151972 36.6870828 -3.6840617 36.6757788 -3.6751882 36.6680412 -3.7143378 36.68031 -3.7534312 36.6948337 -3.7971177 36.71197 -3.81151 36.7249877 -3.7847678 36.7293688 -3.7847612 36.7294983 -3.7631357 36.7182942 -3.7281878 36.7089383 -3.7283517 36.710742 -3.7283618 36.7107325 -3.7310483 36.708346 -3.7281412 36.6874567 -3.7277695 36.6874438 -3.7797005 36.7071683 -3.7968198 36.7106403 -3.8011735 36.713959 -3.8514112 36.7134367 -3.899475 36.7022743 -3.945895 36.6919303 -3.9457038 36.6873097 -3.910555 36.6955238 -3.8709188 36.7034232 -3.835067 36.7115285 -3.7821522 36.7317717 -3.7796795 36.7332672 -3.779676 36.7332702 -3.815957 36.7207108 -3.7947347 36.7047925 -3.7578072 36.6931938 -3.7371393 36.686188 -3.7164098 36.6790568 -3.692226 36.6693342 -3.6789515 36.6669567 -3.699234 36.7055002 -3.7219272 36.7092663 -3.7350827 36.6910305 -3.7487555 36.672189 -3.770213 36.6608482 -3.7740962 36.6740825 -3.7561413 36.6984683 -3.757289 36.7244122 -3.7759223 36.7071287 -3.7895207 36.6885952 -3.8064907 36.6775505 -3.8132993 36.6889942 -3.799435 36.7095503 -3.7854818 36.7287145 -3.7539173 36.7175885 -3.7142583 36.6859998 -3.6745975 36.6835133 -3.6487427 36.671728 -3.6271247 36.6596642 -3.6144362 36.6637723 -3.644263 36.6804215 -3.6697962 36.7015085 -3.6724008 36.7068688 -3.6962275 36.705621 -3.7532025 36.708126 -3.7545425 36.7078097 -3.7500835 36.7026027 -3.7438222 36.6928643 -3.8170752 36.7242638 -3.8418627 36.7274547 -3.8273272 36.6931343 -3.8519802 36.6960648 -3.8674112 36.732872 -3.881789 36.7100163 -3.8669065 36.6747982 -3.8956323 36.6889022 -3.8239735 36.7262097 -3.7259505 36.7149803 -3.6249035 36.7225002 -3.5903358 36.7150967 -3.5864485 36.7129588 -3.5680395 36.7079178 -3.5769565 36.7041627 -3.5919778 36.68883 -3.6340972 36.6875157 -3.6793988 36.6872068 -3.7269825 36.6877547 -3.7372565 36.6770868 -3.7142898 36.6772785 -3.691723 36.6764522 -3.6679557 36.676261 -3.6473528 36.67701 -3.6275648 36.6792737 -3.6266527 36.6795563 -3.6825485 36.6842223 -3.7806902 36.699061 -3.8993357 36.7072132 -3.9767948 36.7124083 -4.0311385 36.721407 -4.0771987 36.7207605 -4.0560748 36.7158858 -4.0316272 36.7084737 -4.0109958 36.7066713 -3.9918877 36.7056322 -3.9751972 36.702004 -3.9673198 36.6937175 -3.9859487 36.6940897 -4.0170857 36.7010975 -4.0507037 36.7068542 -4.0643383 36.6953158 -4.0512643 36.7046258 -4.0348378 36.721955 -4.0182778 36.7006502 -4.0015843 36.6841733 -3.98195 36.7050018 -3.939717 36.7111743 -3.8933803 36.7139948 -3.8928118 36.7143137 -3.8693803 36.7117152 -3.7883488 36.7073045 -3.7074908 36.7110522 -3.7035923 36.7068685 -3.6720748 36.7067497 -3.6692408 36.7053842 -3.5836582 36.6941637 -3.5385505 36.7086237 -3.5298732 36.7042162 -3.4789382 36.6791565 -3.4713997 36.6696953 -3.4714008 36.6696908 -3.4714047 36.66969 -3.4980583 36.6709733 -3.5709768 36.6733238 -3.6367645 36.6778043 -3.6401752 36.678333 -3.640179 36.678334 -3.6401772 36.6783278 -3.6401763 36.6783348 -3.6502865 36.6745338 -3.6548185 36.663046 -3.6285283 36.6489818 -3.597269 36.6314165 -3.5853685 36.6441243 -3.633609 36.6420677 -3.6584552 36.626423 -3.6334265 36.6064525 -3.5954652 36.6063118 -3.5956338 36.5880772 -3.6335985 36.5881225 -3.6176778 36.5747042 -3.6116847 36.6092463 -3.6112772 36.629116 -3.6355508 36.624068 -3.5949867 36.6230388 -3.5869855 36.6156562 -3.6189265 36.6156935 -3.6501243 36.615559 -3.6764693 36.6152422 -3.7171462 36.6151718 -3.7631192 36.614814 -3.8090657 36.6149092 -3.846632 36.6278783 -3.8576797 36.6650133 -3.8859075 36.6804763 -3.9286473 36.6793448 -3.9641613 36.679727 -3.9988075 36.6774142 -4.0333188 36.6747737 -4.0673842 36.6722923 -4.1017265 36.6701427 -4.1345255 36.66798 -4.166893 36.6658893 -4.1981177 36.6635082 -4.2338162 36.6629853 -4.2688238 36.6619552 -4.300766 36.6593943 -4.3309762 36.6572472 -4.3647648 36.6565827 -4.3970898 36.664138 -4.4171552 36.7065043 -4.4222003 36.7114358 -4.4221932 36.711444 -4.422195 36.7114437</gml:posList>
                                 </gml:LineString>
                              </gml:curveMember>
                           </gml:MultiCurve>
                        </gmd:polygon>
                     </gmd:EX_BoundingPolygon>
                  </gmd:geographicElement>
                  <gmd:temporalElement>
                     <gmd:EX_TemporalExtent>
                        <gmd:extent>
                           <gml:TimePeriod gml:id="mik3.8.2">
                              <gml:beginPosition>2024-03-06T00:00:00</gml:beginPosition>
                              <gml:endPosition>2024-03-26T00:00:00</gml:endPosition>
                           </gml:TimePeriod>
                        </gmd:extent>
                     </gmd:EX_TemporalExtent>
                  </gmd:temporalElement>
               </gmd:EX_Extent>
            </gmd:extent>
         </sdn:SDN_DataIdentification>
      </gmd:identificationInfo>
      <gmd:distributionInfo>
         <gmd:MD_Distribution>
            <gmd:distributionFormat>
               <gmd:MD_Format>
                  <gmd:name>
                     <sdn:SDN_FormatNameCode codeSpace="SeaDataNet" codeListValue="CF" codeList="https://vocab.nerc.ac.uk/isoCodelists/sdnCodelists/cdicsrCodeList.xml#SDN_FormatNameCode">Climate and Forecast NetCDF</sdn:SDN_FormatNameCode>
                  </gmd:name>
                  <gmd:version>
                     <gco:CharacterString>3.5</gco:CharacterString>
                  </gmd:version>
               </gmd:MD_Format>
            </gmd:distributionFormat>
            <gmd:distributor>
               <gmd:MD_Distributor>
                  <gmd:distributorContact>
                     <gmd:CI_ResponsibleParty>
                        <gmd:organisationName>
                           <sdn:SDN_EDMOCode codeList="https://edmo.seadatanet.org/isocodelists/edmo-edmerp-codelists.xml#SDN_EDMOCode" codeSpace="SeaDataNet" codeListValue="2489">CSIC, Marine Technology Unit (CSIC-UTM)</sdn:SDN_EDMOCode>
                        </gmd:organisationName>
                        <gmd:contactInfo>
                           <gmd:CI_Contact>
                              <gmd:phone>
                                 <gmd:CI_Telephone>
                                    <gmd:voice>
                                       <gco:CharacterString>+34 932 309500</gco:CharacterString>
                                    </gmd:voice>
                                    <gmd:facsimile>
                                       <gco:CharacterString>+34 932 309555</gco:CharacterString>
                                    </gmd:facsimile>
                                 </gmd:CI_Telephone>
                              </gmd:phone>
                              <gmd:address>
                                 <gmd:CI_Address>
                                    <gmd:deliveryPoint>
                                       <gco:CharacterString>Paseo Maritimo de la Barceloneta, 37-49 </gco:CharacterString>
                                    </gmd:deliveryPoint>
                                    <gmd:city>
                                       <gco:CharacterString>Barcelona</gco:CharacterString>
                                    </gmd:city>
                                    <gmd:postalCode>
                                       <gco:CharacterString>08003</gco:CharacterString>
                                    </gmd:postalCode>
                                    <gmd:country>
                                       <sdn:SDN_CountryCode codeSpace="SeaDataNet" codeListValue="ES" codeList="https://vocab.nerc.ac.uk/isoCodelists/sdnCodelists/cdicsrCodeList.xml#SDN_CountryCode">Spain</sdn:SDN_CountryCode>
                                    </gmd:country>
                                    <gmd:electronicMailAddress>
                                       <gco:CharacterString>info@utm.csic.es</gco:CharacterString>
                                    </gmd:electronicMailAddress>
                                 </gmd:CI_Address>
                              </gmd:address>
                              <gmd:onlineResource>
                                 <gmd:CI_OnlineResource>
                                    <gmd:linkage>
                                       <gmd:URL>http://www.utm.csic.es/</gmd:URL>
                                    </gmd:linkage>
                                 </gmd:CI_OnlineResource>
                              </gmd:onlineResource>
                           </gmd:CI_Contact>
                        </gmd:contactInfo>
                        <gmd:role>
                           <gmd:CI_RoleCode codeList="https://vocab.nerc.ac.uk/isoCodelists/sdnCodelists/gmxCodeLists.xml#CI_RoleCode" codeListValue="distributor" codeSpace="ISOTC211/19115">distributor</gmd:CI_RoleCode>
                        </gmd:role>
                     </gmd:CI_ResponsibleParty>
                  </gmd:distributorContact>
               </gmd:MD_Distributor>
            </gmd:distributor>
            <gmd:transferOptions>
               <gmd:MD_DigitalTransferOptions>
                  <gmd:onLine>
                     <gmd:CI_OnlineResource>
                        <gmd:linkage>
                           <gmd:URL>http://www.sdn-taskmanager.org/</gmd:URL>
                        </gmd:linkage>
                        <gmd:protocol>
                           <gco:CharacterString>HTTP-DOWNLOAD</gco:CharacterString>
                        </gmd:protocol>
                        <gmd:function>
                           <gmd:CI_OnLineFunctionCode codeList="https://vocab.nerc.ac.uk/isoCodelists/sdnCodelists/gmxCodeLists.xml#CI_OnLineFunctionCode" codeListValue="downloadRegistration" codeSpace="SeaDataNet">web data access with registration</gmd:CI_OnLineFunctionCode>
                        </gmd:function>
                     </gmd:CI_OnlineResource>
                  </gmd:onLine>
               </gmd:MD_DigitalTransferOptions>
            </gmd:transferOptions>
         </gmd:MD_Distribution>
      </gmd:distributionInfo>
      <gmd:dataQualityInfo>
         <gmd:DQ_DataQuality>
            <gmd:scope>
               <gmd:DQ_Scope>
                  <gmd:level>
                     <gmd:MD_ScopeCode codeList="https://vocab.nerc.ac.uk/isoCodelists/sdnCodelists/gmxCodeLists.xml#MD_ScopeCode" codeListValue="dataset" codeSpace="ISOTC211/19115">dataset</gmd:MD_ScopeCode>
                  </gmd:level>
               </gmd:DQ_Scope>
            </gmd:scope>
            <gmd:report>
               <gmd:DQ_DomainConsistency>
                  <gmd:result>
                     <gmd:DQ_ConformanceResult>
                        <gmd:specification>
                           <gmd:CI_Citation>
                              <gmd:title>
                                 <gco:CharacterString>COMMISSION REGULATION (EU) No 1089/2010 of 23 November 2010 implementing Directive 2007/2/EC of the European Parliament and of the Council as regards interoperability of spatial data sets and services</gco:CharacterString>
                              </gmd:title>
                              <gmd:date>
                                 <gmd:CI_Date>
                                    <gmd:date>
                                       <gco:Date>2010-12-08</gco:Date>
                                    </gmd:date>
                                    <gmd:dateType>
                                       <gmd:CI_DateTypeCode codeList="https://vocab.nerc.ac.uk/isoCodelists/sdnCodelists/gmxCodeLists.xml#CI_DateTypeCode" codeListValue="publication" codeSpace="ISOTC211/19115">publication</gmd:CI_DateTypeCode>
                                    </gmd:dateType>
                                 </gmd:CI_Date>
                              </gmd:date>
                           </gmd:CI_Citation>
                        </gmd:specification>
                        <gmd:explanation>
                           <gco:CharacterString>See the referenced specification</gco:CharacterString>
                        </gmd:explanation>
                        <gmd:pass>
                           <gco:Boolean>true</gco:Boolean>
                        </gmd:pass>
                     </gmd:DQ_ConformanceResult>
                  </gmd:result>
               </gmd:DQ_DomainConsistency>
            </gmd:report>
            <gmd:report>
               <gmd:DQ_DomainConsistency>
                  <gmd:result>
                     <gmd:DQ_ConformanceResult>
                        <gmd:specification>
                           <gmd:CI_Citation>
                              <gmd:title>
                                 <gco:CharacterString>COMMISSION REGULATION (EC) No 1205/2008 of 3 December 2008 implementing Directive 2007/2/EC of the European Parliament and of the Council as regards metadata</gco:CharacterString>
                              </gmd:title>
                              <gmd:date>
                                 <gmd:CI_Date>
                                    <gmd:date>
                                       <gco:Date>2008-12-04</gco:Date>
                                    </gmd:date>
                                    <gmd:dateType>
                                       <gmd:CI_DateTypeCode codeList="https://vocab.nerc.ac.uk/isoCodelists/sdnCodelists/gmxCodeLists.xml#CI_DateTypeCode" codeListValue="publication" codeSpace="ISOTC211/19115">publication</gmd:CI_DateTypeCode>
                                    </gmd:dateType>
                                 </gmd:CI_Date>
                              </gmd:date>
                           </gmd:CI_Citation>
                        </gmd:specification>
                        <gmd:explanation>
                           <gco:CharacterString>See the referenced specification</gco:CharacterString>
                        </gmd:explanation>
                        <gmd:pass>
                           <gco:Boolean>true</gco:Boolean>
                        </gmd:pass>
                     </gmd:DQ_ConformanceResult>
                  </gmd:result>
               </gmd:DQ_DomainConsistency>
            </gmd:report>
            <gmd:lineage>
               <gmd:LI_Lineage>
                  <gmd:statement>
                     <gco:CharacterString>The data centres apply standard data quality control procedures on all data that the centres manage. Ask the data centre for details.</gco:CharacterString>
                  </gmd:statement>
               </gmd:LI_Lineage>
            </gmd:lineage>
         </gmd:DQ_DataQuality>
      </gmd:dataQualityInfo>
   </gmd:MD_Metadata>