cruiseid,lat,lon,instrument_id,instrument,vessel,codiid,met_cat,Coments
29SG20231106,35.9672432,-8.1854145,XBT,,SARMIENTO DE GAMBOA,29SG20231106_xbt_01,"<a href=""http://data.utm.csic.es/geonetwork/srv/eng/catalog.search#/metadata/urn:SDN:CDI:LOCAL:29SG20231106_xbt""  target=""_blank"">View in metadata catalog</a>",33_MC_15
29SG20231106,39.124799,-10.2251994,XBT,,SARMIENTO DE GAMBOA,29SG20231106_xbt_02,"<a href=""http://data.utm.csic.es/geonetwork/srv/eng/catalog.search#/metadata/urn:SDN:CDI:LOCAL:29SG20231106_xbt""  target=""_blank"">View in metadata catalog</a>",50_MC_25
29SG20231106,38.6414021,-9.850351,XBT,,SARMIENTO DE GAMBOA,29SG20231106_xbt_03,"<a href=""http://data.utm.csic.es/geonetwork/srv/eng/catalog.search#/metadata/urn:SDN:CDI:LOCAL:29SG20231106_xbt""  target=""_blank"">View in metadata catalog</a>",54_MC_27
29SG20231106,39.1243325,-10.2250986,XBT,,SARMIENTO DE GAMBOA,29SG20231106_xbt_04,"<a href=""http://data.utm.csic.es/geonetwork/srv/eng/catalog.search#/metadata/urn:SDN:CDI:LOCAL:29SG20231106_xbt""  target=""_blank"">View in metadata catalog</a>",56_MC_28
29SG20231106,39.4204731,-10.4723823,XBT,,SARMIENTO DE GAMBOA,29SG20231106_xbt_05,"<a href=""http://data.utm.csic.es/geonetwork/srv/eng/catalog.search#/metadata/urn:SDN:CDI:LOCAL:29SG20231106_xbt""  target=""_blank"">View in metadata catalog</a>",60_MC_29
29SG20231106,39.5940242,-10.3482801,XBT,,SARMIENTO DE GAMBOA,29SG20231106_xbt_06,"<a href=""http://data.utm.csic.es/geonetwork/srv/eng/catalog.search#/metadata/urn:SDN:CDI:LOCAL:29SG20231106_xbt""  target=""_blank"">View in metadata catalog</a>",63_MC_30
29SG20231106,39.6894949,-10.2776669,XBT,,SARMIENTO DE GAMBOA,29SG20231106_xbt_07,"<a href=""http://data.utm.csic.es/geonetwork/srv/eng/catalog.search#/metadata/urn:SDN:CDI:LOCAL:29SG20231106_xbt""  target=""_blank"">View in metadata catalog</a>",65_MC_31
29SG20231106,40.0449326,-10.0180621,XBT,,SARMIENTO DE GAMBOA,29SG20231106_xbt_08,"<a href=""http://data.utm.csic.es/geonetwork/srv/eng/catalog.search#/metadata/urn:SDN:CDI:LOCAL:29SG20231106_xbt""  target=""_blank"">View in metadata catalog</a>",67_MC_32
29SG20231106,43.9823318,-5.1202004,XBT,,SARMIENTO DE GAMBOA,29SG20231106_xbt_09,"<a href=""http://data.utm.csic.es/geonetwork/srv/eng/catalog.search#/metadata/urn:SDN:CDI:LOCAL:29SG20231106_xbt""  target=""_blank"">View in metadata catalog</a>",110_MC_59
29SG20231106,43.9598229,-5.132378,XBT,,SARMIENTO DE GAMBOA,29SG20231106_xbt_10,"<a href=""http://data.utm.csic.es/geonetwork/srv/eng/catalog.search#/metadata/urn:SDN:CDI:LOCAL:29SG20231106_xbt""  target=""_blank"">View in metadata catalog</a>",111_MC_58
