cruiseid,lat,lon,instrument_id,instrument,vessel,codiid,met_cat,Coments
29SG20231106,35.921066,-6.4180257,XBT,,SARMIENTO DE GAMBOA,29SG20231106_xbt_01,"<a href=""http://data.utm.csic.es/geonetwork/srv/eng/catalog.search#/metadata/urn:SDN:CDI:LOCAL:29SG20231106_xbt""  target=""_blank"">View in metadata catalog</a>",XBT02
29SG20231106,36.137985,-5.0310442,XBT,,SARMIENTO DE GAMBOA,29SG20231106_xbt_02,"<a href=""http://data.utm.csic.es/geonetwork/srv/eng/catalog.search#/metadata/urn:SDN:CDI:LOCAL:29SG20231106_xbt""  target=""_blank"">View in metadata catalog</a>",XBT03
29SG20231106,36.217384,-5.071343,XBT,,SARMIENTO DE GAMBOA,29SG20231106_xbt_03,"<a href=""http://data.utm.csic.es/geonetwork/srv/eng/catalog.search#/metadata/urn:SDN:CDI:LOCAL:29SG20231106_xbt""  target=""_blank"">View in metadata catalog</a>",XBT04
29SG20231106,36.1912623,-5.0369507,XBT,,SARMIENTO DE GAMBOA,29SG20231106_xbt_04,"<a href=""http://data.utm.csic.es/geonetwork/srv/eng/catalog.search#/metadata/urn:SDN:CDI:LOCAL:29SG20231106_xbt""  target=""_blank"">View in metadata catalog</a>",XBT05
29SG20231106,36.1325518,-5.0561758,XBT,,SARMIENTO DE GAMBOA,29SG20231106_xbt_05,"<a href=""http://data.utm.csic.es/geonetwork/srv/eng/catalog.search#/metadata/urn:SDN:CDI:LOCAL:29SG20231106_xbt""  target=""_blank"">View in metadata catalog</a>",XBT06
29SG20231106,35.9912632,-5.0484877,XBT,,SARMIENTO DE GAMBOA,29SG20231106_xbt_06,"<a href=""http://data.utm.csic.es/geonetwork/srv/eng/catalog.search#/metadata/urn:SDN:CDI:LOCAL:29SG20231106_xbt""  target=""_blank"">View in metadata catalog</a>",XBT07
29SG20231106,36.0833405,-5.0609967,XBT,,SARMIENTO DE GAMBOA,29SG20231106_xbt_07,"<a href=""http://data.utm.csic.es/geonetwork/srv/eng/catalog.search#/metadata/urn:SDN:CDI:LOCAL:29SG20231106_xbt""  target=""_blank"">View in metadata catalog</a>",XBT08
29SG20231106,28.9020587,-15.3983362,XBT,,SARMIENTO DE GAMBOA,29SG20231106_xbt_08,"<a href=""http://data.utm.csic.es/geonetwork/srv/eng/catalog.search#/metadata/urn:SDN:CDI:LOCAL:29SG20231106_xbt""  target=""_blank"">View in metadata catalog</a>",XBT09
29SG20231106,27.6003087,-16.3106787,XBT,,SARMIENTO DE GAMBOA,29SG20231106_xbt_09,"<a href=""http://data.utm.csic.es/geonetwork/srv/eng/catalog.search#/metadata/urn:SDN:CDI:LOCAL:29SG20231106_xbt""  target=""_blank"">View in metadata catalog</a>",XBT_10
29SG20231106,27.8306303,-16.3541817,XBT,,SARMIENTO DE GAMBOA,29SG20231106_xbt_10,"<a href=""http://data.utm.csic.es/geonetwork/srv/eng/catalog.search#/metadata/urn:SDN:CDI:LOCAL:29SG20231106_xbt""  target=""_blank"">View in metadata catalog</a>",XBT_11
29SG20231106,28.0898997,-16.0431365,XBT,,SARMIENTO DE GAMBOA,29SG20231106_xbt_11,"<a href=""http://data.utm.csic.es/geonetwork/srv/eng/catalog.search#/metadata/urn:SDN:CDI:LOCAL:29SG20231106_xbt""  target=""_blank"">View in metadata catalog</a>",XBT_12
29SG20231106,28.397179,-15.6171067,XBT,,SARMIENTO DE GAMBOA,29SG20231106_xbt_12,"<a href=""http://data.utm.csic.es/geonetwork/srv/eng/catalog.search#/metadata/urn:SDN:CDI:LOCAL:29SG20231106_xbt""  target=""_blank"">View in metadata catalog</a>",XBT_13
29SG20231106,28.5134035,-15.815782,XBT,,SARMIENTO DE GAMBOA,29SG20231106_xbt_13,"<a href=""http://data.utm.csic.es/geonetwork/srv/eng/catalog.search#/metadata/urn:SDN:CDI:LOCAL:29SG20231106_xbt""  target=""_blank"">View in metadata catalog</a>",XBT_14
29SG20231106,28.529674,-15.9839768,XBT,,SARMIENTO DE GAMBOA,29SG20231106_xbt_14,"<a href=""http://data.utm.csic.es/geonetwork/srv/eng/catalog.search#/metadata/urn:SDN:CDI:LOCAL:29SG20231106_xbt""  target=""_blank"">View in metadata catalog</a>",XBT_15
29SG20231106,28.5050002,-16.1266597,XBT,,SARMIENTO DE GAMBOA,29SG20231106_xbt_15,"<a href=""http://data.utm.csic.es/geonetwork/srv/eng/catalog.search#/metadata/urn:SDN:CDI:LOCAL:29SG20231106_xbt""  target=""_blank"">View in metadata catalog</a>",XBT_16
29SG20231106,28.4276127,-16.19941,XBT,,SARMIENTO DE GAMBOA,29SG20231106_xbt_16,"<a href=""http://data.utm.csic.es/geonetwork/srv/eng/catalog.search#/metadata/urn:SDN:CDI:LOCAL:29SG20231106_xbt""  target=""_blank"">View in metadata catalog</a>",XBT_17
29SG20231106,27.5633722,-16.446444,XBT,,SARMIENTO DE GAMBOA,29SG20231106_xbt_17,"<a href=""http://data.utm.csic.es/geonetwork/srv/eng/catalog.search#/metadata/urn:SDN:CDI:LOCAL:29SG20231106_xbt""  target=""_blank"">View in metadata catalog</a>",XBT_18
29SG20231106,28.1409355,-16.3956487,XBT,,SARMIENTO DE GAMBOA,29SG20231106_xbt_18,"<a href=""http://data.utm.csic.es/geonetwork/srv/eng/catalog.search#/metadata/urn:SDN:CDI:LOCAL:29SG20231106_xbt""  target=""_blank"">View in metadata catalog</a>",XBT_19
29SG20231106,28.4724092,-15.1453968,XBT,,SARMIENTO DE GAMBOA,29SG20231106_xbt_19,"<a href=""http://data.utm.csic.es/geonetwork/srv/eng/catalog.search#/metadata/urn:SDN:CDI:LOCAL:29SG20231106_xbt""  target=""_blank"">View in metadata catalog</a>",XBT_20
29SG20231106,27.8896808,-16.0239347,XBT,,SARMIENTO DE GAMBOA,29SG20231106_xbt_20,"<a href=""http://data.utm.csic.es/geonetwork/srv/eng/catalog.search#/metadata/urn:SDN:CDI:LOCAL:29SG20231106_xbt""  target=""_blank"">View in metadata catalog</a>",XBT_21
29SG20231106,27.5891802,-15.052859,XBT,,SARMIENTO DE GAMBOA,29SG20231106_xbt_21,"<a href=""http://data.utm.csic.es/geonetwork/srv/eng/catalog.search#/metadata/urn:SDN:CDI:LOCAL:29SG20231106_xbt""  target=""_blank"">View in metadata catalog</a>",XBT_22
29SG20231106,27.771559,-15.0643053,XBT,,SARMIENTO DE GAMBOA,29SG20231106_xbt_22,"<a href=""http://data.utm.csic.es/geonetwork/srv/eng/catalog.search#/metadata/urn:SDN:CDI:LOCAL:29SG20231106_xbt""  target=""_blank"">View in metadata catalog</a>",XBT_23
29SG20231106,27.7482753,-15.1330428,XBT,,SARMIENTO DE GAMBOA,29SG20231106_xbt_23,"<a href=""http://data.utm.csic.es/geonetwork/srv/eng/catalog.search#/metadata/urn:SDN:CDI:LOCAL:29SG20231106_xbt""  target=""_blank"">View in metadata catalog</a>",XBT_24
29SG20231106,28.1201032,-15.333206,XBT,,SARMIENTO DE GAMBOA,29SG20231106_xbt_24,"<a href=""http://data.utm.csic.es/geonetwork/srv/eng/catalog.search#/metadata/urn:SDN:CDI:LOCAL:29SG20231106_xbt""  target=""_blank"">View in metadata catalog</a>",XSV_25
29SG20231106,27.781924,-14.9464992,XBT,,SARMIENTO DE GAMBOA,29SG20231106_xbt_25,"<a href=""http://data.utm.csic.es/geonetwork/srv/eng/catalog.search#/metadata/urn:SDN:CDI:LOCAL:29SG20231106_xbt""  target=""_blank"">View in metadata catalog</a>",XSV_26
29SG20231106,28.2807147,-15.1063247,XBT,,SARMIENTO DE GAMBOA,29SG20231106_xbt_26,"<a href=""http://data.utm.csic.es/geonetwork/srv/eng/catalog.search#/metadata/urn:SDN:CDI:LOCAL:29SG20231106_xbt""  target=""_blank"">View in metadata catalog</a>",XSV_27
