<!-- this file has been created using MIKADO version 3.8.2 --><?xml-model href="https://schemas.seadatanet.org/Standards-Software/Metadata-formats/SDN_CDI_ISO19139_13.0.0.sch" type="application/xml" schematypens="http://purl.oclc.org/dsdl/schematron"?><gmd:MD_Metadata xmlns:gmd="http://www.isotc211.org/2005/gmd" xmlns:gmi="http://www.isotc211.org/2005/gmi" xmlns:srv="http://www.isotc211.org/2005/srv" xmlns:gco="http://www.isotc211.org/2005/gco" xmlns:gts="http://www.isotc211.org/2005/gts" xmlns:gmx="http://www.isotc211.org/2005/gmx" xmlns:xlink="http://www.w3.org/1999/xlink" xmlns:sdn="http://www.seadatanet.org" xmlns:gml="http://www.opengis.net/gml" xmlns:xsi="http://www.w3.org/2001/XMLSchema-instance" xsi:schemaLocation="http://www.seadatanet.org https://schemas.seadatanet.org/Standards-Software/Metadata-formats/SDN_CDI_ISO19139_13.0.0.xsd http://www.isotc211.org/2005/gmd http://schemas.opengis.net/iso/19139/20060504/gmd/gmd.xsd">
   <gmd:fileIdentifier>
      <gco:CharacterString>29SG20240115_mcs</gco:CharacterString>
   </gmd:fileIdentifier>
   <gmd:language>
      <gmd:LanguageCode codeList="https://vocab.nerc.ac.uk/isoCodelists/sdnCodelists/gmxCodeLists.xml#LanguageCode" codeListValue="eng" codeSpace="ISOTC211/19115">English</gmd:LanguageCode>
   </gmd:language>
   <gmd:characterSet>
      <gmd:MD_CharacterSetCode codeList="https://vocab.nerc.ac.uk/isoCodelists/sdnCodelists/gmxCodeLists.xml#MD_CharacterSetCode" codeListValue="utf8" codeSpace="ISOTC211/19115">utf8</gmd:MD_CharacterSetCode>
   </gmd:characterSet>
   <gmd:hierarchyLevel>
      <gmd:MD_ScopeCode codeList="https://vocab.nerc.ac.uk/isoCodelists/sdnCodelists/gmxCodeLists.xml#MD_ScopeCode" codeListValue="dataset" codeSpace="ISOTC211/19115">dataset</gmd:MD_ScopeCode>
   </gmd:hierarchyLevel>
   <gmd:hierarchyLevelName>
      <sdn:SDN_HierarchyLevelNameCode codeList="https://vocab.nerc.ac.uk/isoCodelists/sdnCodelists/cdicsrCodeList.xml#SDN_HierarchyLevelNameCode" codeListValue="CDI" codeSpace="SeaDataNet">Common Data Index record</sdn:SDN_HierarchyLevelNameCode>
   </gmd:hierarchyLevelName>
   <gmd:contact>
      <gmd:CI_ResponsibleParty>
         <gmd:organisationName>
            <sdn:SDN_EDMOCode codeList="https://edmo.seadatanet.org/isocodelists/edmo-edmerp-codelists.xml#SDN_EDMOCode" codeSpace="SeaDataNet" codeListValue="2489">CSIC, Marine Technology Unit (CSIC-UTM)</sdn:SDN_EDMOCode>
         </gmd:organisationName>
         <gmd:contactInfo>
            <gmd:CI_Contact>
               <gmd:phone>
                  <gmd:CI_Telephone>
                     <gmd:voice>
                        <gco:CharacterString>+34 932 309500</gco:CharacterString>
                     </gmd:voice>
                     <gmd:facsimile>
                        <gco:CharacterString>+34 932 309555</gco:CharacterString>
                     </gmd:facsimile>
                  </gmd:CI_Telephone>
               </gmd:phone>
               <gmd:address>
                  <gmd:CI_Address>
                     <gmd:deliveryPoint>
                        <gco:CharacterString>Paseo Maritimo de la Barceloneta, 37-49 </gco:CharacterString>
                     </gmd:deliveryPoint>
                     <gmd:city>
                        <gco:CharacterString>Barcelona</gco:CharacterString>
                     </gmd:city>
                     <gmd:postalCode>
                        <gco:CharacterString>08003</gco:CharacterString>
                     </gmd:postalCode>
                     <gmd:country>
                        <sdn:SDN_CountryCode codeSpace="SeaDataNet" codeListValue="ES" codeList="https://vocab.nerc.ac.uk/isoCodelists/sdnCodelists/cdicsrCodeList.xml#SDN_CountryCode">Spain</sdn:SDN_CountryCode>
                     </gmd:country>
                     <gmd:electronicMailAddress>
                        <gco:CharacterString>info@utm.csic.es</gco:CharacterString>
                     </gmd:electronicMailAddress>
                  </gmd:CI_Address>
               </gmd:address>
               <gmd:onlineResource>
                  <gmd:CI_OnlineResource>
                     <gmd:linkage>
                        <gmd:URL>http://www.utm.csic.es/</gmd:URL>
                     </gmd:linkage>
                  </gmd:CI_OnlineResource>
               </gmd:onlineResource>
            </gmd:CI_Contact>
         </gmd:contactInfo>
         <gmd:role>
            <gmd:CI_RoleCode codeList="https://vocab.nerc.ac.uk/isoCodelists/sdnCodelists/gmxCodeLists.xml#CI_RoleCode" codeListValue="pointOfContact" codeSpace="ISOTC211/19115">pointOfContact</gmd:CI_RoleCode>
         </gmd:role>
      </gmd:CI_ResponsibleParty>
   </gmd:contact>
   <gmd:dateStamp>
      <gco:Date>2024-03-14</gco:Date>
   </gmd:dateStamp>
   <gmd:metadataStandardName>
      <gco:CharacterString>ISO 19115/SeaDataNet profile</gco:CharacterString>
   </gmd:metadataStandardName>
   <gmd:metadataStandardVersion>
      <gco:CharacterString>1.0</gco:CharacterString>
   </gmd:metadataStandardVersion>
   <gmd:spatialRepresentationInfo>
      <gmd:MD_VectorSpatialRepresentation>
         <gmd:geometricObjects>
            <gmd:MD_GeometricObjects>
               <gmd:geometricObjectType>
                  <gmd:MD_GeometricObjectTypeCode codeList="https://vocab.nerc.ac.uk/isoCodelists/sdnCodelists/gmxCodeLists.xml#MD_GeometricObjectTypeCode" codeListValue="curve" codeSpace="ISOTC211/19115">curve</gmd:MD_GeometricObjectTypeCode>
               </gmd:geometricObjectType>
            </gmd:MD_GeometricObjects>
         </gmd:geometricObjects>
      </gmd:MD_VectorSpatialRepresentation>
   </gmd:spatialRepresentationInfo>
   <gmd:spatialRepresentationInfo>
      <gmd:MD_GridSpatialRepresentation>
         <gmd:numberOfDimensions>
            <gco:Integer>0</gco:Integer>
         </gmd:numberOfDimensions>
         <gmd:cellGeometry>
            <gmd:MD_CellGeometryCode codeList="https://vocab.nerc.ac.uk/isoCodelists/sdnCodelists/gmxCodeLists.xml#MD_CellGeometryCode" codeListValue="point" codeSpace="ISOTC211/19115">point</gmd:MD_CellGeometryCode>
         </gmd:cellGeometry>
         <gmd:transformationParameterAvailability>
            <gco:Boolean>false</gco:Boolean>
         </gmd:transformationParameterAvailability>
      </gmd:MD_GridSpatialRepresentation>
   </gmd:spatialRepresentationInfo>
   <gmd:referenceSystemInfo>
      <gmd:MD_ReferenceSystem>
         <gmd:referenceSystemIdentifier>
            <gmd:RS_Identifier>
               <gmd:authority>
                  <gmd:CI_Citation>
                     <gmd:title>
                        <gco:CharacterString>SeaDataNet geographic co-ordinate reference frames</gco:CharacterString>
                     </gmd:title>
                     <gmd:alternateTitle>
                        <gco:CharacterString>L10</gco:CharacterString>
                     </gmd:alternateTitle>
                     <gmd:date>
                        <gmd:CI_Date>
                           <gmd:date>
                              <gco:Date>2011-03-03</gco:Date>
                           </gmd:date>
                           <gmd:dateType>
                              <gmd:CI_DateTypeCode codeList="https://vocab.nerc.ac.uk/isoCodelists/sdnCodelists/gmxCodeLists.xml#CI_DateTypeCode" codeListValue="revision" codeSpace="ISOTC211/19115">revision</gmd:CI_DateTypeCode>
                           </gmd:dateType>
                        </gmd:CI_Date>
                     </gmd:date>
                     <gmd:edition>
                        <gco:CharacterString>3</gco:CharacterString>
                     </gmd:edition>
                     <gmd:identifier>
                        <gmd:MD_Identifier>
                           <gmd:code>
                              <gco:CharacterString>https://www.seadatanet.org/urnurl/SDN:L10</gco:CharacterString>
                           </gmd:code>
                        </gmd:MD_Identifier>
                     </gmd:identifier>
                  </gmd:CI_Citation>
               </gmd:authority>
               <gmd:code>
                  <sdn:SDN_CRSCode codeList="https://vocab.nerc.ac.uk/isoCodelists/sdnCodelists/cdicsrCodeList.xml#SDN_CRSCode" codeListValue="4326" codeSpace="SeaDataNet">World Geodetic System 84</sdn:SDN_CRSCode>
               </gmd:code>
            </gmd:RS_Identifier>
         </gmd:referenceSystemIdentifier>
      </gmd:MD_ReferenceSystem>
   </gmd:referenceSystemInfo>
   <gmd:metadataExtensionInfo xlink:href="https://schemas.seadatanet.org/Standards-Software/Metadata-formats/cdiExtensionInformation.xml"/>
      <gmd:identificationInfo>
         <sdn:SDN_DataIdentification gco:isoType="MD_DataIdentification_Type">
            <gmd:citation>
               <gmd:CI_Citation>
                  <gmd:title>
                     <gco:CharacterString>DESAFIO multi-channel seismic data</gco:CharacterString>
                  </gmd:title>
                  <gmd:alternateTitle>
                     <gco:CharacterString>29SG20240115_mcs</gco:CharacterString>
                  </gmd:alternateTitle>
                  <gmd:date>
                     <gmd:CI_Date>
                        <gmd:date>
                           <gco:Date>2024-03-14</gco:Date>
                        </gmd:date>
                        <gmd:dateType>
                           <gmd:CI_DateTypeCode codeList="https://vocab.nerc.ac.uk/isoCodelists/sdnCodelists/gmxCodeLists.xml#CI_DateTypeCode" codeListValue="revision" codeSpace="ISOTC211/19115">revision</gmd:CI_DateTypeCode>
                        </gmd:dateType>
                     </gmd:CI_Date>
                  </gmd:date>
                  <gmd:identifier>
                     <gmd:MD_Identifier>
                        <gmd:code>
                           <gco:CharacterString>29SG20240115_mcs</gco:CharacterString>
                        </gmd:code>
                     </gmd:MD_Identifier>
                  </gmd:identifier>
                  <gmd:citedResponsibleParty>
                     <gmd:CI_ResponsibleParty>
                        <gmd:organisationName>
                           <sdn:SDN_EDMOCode codeList="https://edmo.seadatanet.org/isocodelists/edmo-edmerp-codelists.xml#SDN_EDMOCode" codeSpace="SeaDataNet" codeListValue="4051">52&#176;North Spatial Information Research GmbH (52&#176;North GmbH)</sdn:SDN_EDMOCode>
                        </gmd:organisationName>
                        <gmd:contactInfo>
                           <gmd:CI_Contact>
                              <gmd:address>
                                 <gmd:CI_Address>
                                    <gmd:deliveryPoint>
                                       <gco:CharacterString>Martin-Luther-King-Weg 24</gco:CharacterString>
                                    </gmd:deliveryPoint>
                                    <gmd:city>
                                       <gco:CharacterString>Germany</gco:CharacterString>
                                    </gmd:city>
                                    <gmd:postalCode>
                                       <gco:CharacterString/>
                                    </gmd:postalCode>
                                    <gmd:country>
                                       <sdn:SDN_CountryCode codeSpace="SeaDataNet" codeListValue="99" codeList="https://vocab.nerc.ac.uk/isoCodelists/sdnCodelists/cdicsrCodeList.xml#SDN_CountryCode">Unknown</sdn:SDN_CountryCode>
                                    </gmd:country>
                                    <gmd:electronicMailAddress>
                                       <gco:CharacterString>info@52north.org</gco:CharacterString>
                                    </gmd:electronicMailAddress>
                                 </gmd:CI_Address>
                              </gmd:address>
                           </gmd:CI_Contact>
                        </gmd:contactInfo>
                        <gmd:role>
                           <gmd:CI_RoleCode codeList="https://vocab.nerc.ac.uk/isoCodelists/sdnCodelists/gmxCodeLists.xml#CI_RoleCode" codeListValue="originator" codeSpace="ISOTC211/19115">originator</gmd:CI_RoleCode>
                        </gmd:role>
                     </gmd:CI_ResponsibleParty>
                  </gmd:citedResponsibleParty>
               </gmd:CI_Citation>
            </gmd:citation>
            <gmd:abstract>
               <gco:CharacterString>High Resolution Multi-Channel Seismic data acquired on board the R/V Sarmiento de Gamboa during the DESAFIO cruise.</gco:CharacterString>
            </gmd:abstract>
            <gmd:pointOfContact>
               <gmd:CI_ResponsibleParty>
                  <gmd:organisationName>
                     <sdn:SDN_EDMOCode codeList="https://edmo.seadatanet.org/isocodelists/edmo-edmerp-codelists.xml#SDN_EDMOCode" codeSpace="SeaDataNet" codeListValue="4051">52&#176;North Spatial Information Research GmbH (52&#176;North GmbH)</sdn:SDN_EDMOCode>
                  </gmd:organisationName>
                  <gmd:contactInfo>
                     <gmd:CI_Contact>
                        <gmd:address>
                           <gmd:CI_Address>
                              <gmd:deliveryPoint>
                                 <gco:CharacterString>Martin-Luther-King-Weg 24</gco:CharacterString>
                              </gmd:deliveryPoint>
                              <gmd:city>
                                 <gco:CharacterString>Germany</gco:CharacterString>
                              </gmd:city>
                              <gmd:country>
                                 <sdn:SDN_CountryCode codeSpace="SeaDataNet" codeListValue="99" codeList="https://vocab.nerc.ac.uk/isoCodelists/sdnCodelists/cdicsrCodeList.xml#SDN_CountryCode">Unknown</sdn:SDN_CountryCode>
                              </gmd:country>
                              <gmd:electronicMailAddress>
                                 <gco:CharacterString>info@52north.org</gco:CharacterString>
                              </gmd:electronicMailAddress>
                           </gmd:CI_Address>
                        </gmd:address>
                     </gmd:CI_Contact>
                  </gmd:contactInfo>
                  <gmd:role>
                     <gmd:CI_RoleCode codeList="https://vocab.nerc.ac.uk/isoCodelists/sdnCodelists/gmxCodeLists.xml#CI_RoleCode" codeListValue="custodian" codeSpace="ISOTC211/19115">custodian</gmd:CI_RoleCode>
                  </gmd:role>
               </gmd:CI_ResponsibleParty>
            </gmd:pointOfContact>
            <gmd:resourceMaintenance>
               <gmd:MD_MaintenanceInformation>
                  <gmd:maintenanceAndUpdateFrequency>
                     <gmd:MD_MaintenanceFrequencyCode codeList="https://vocab.nerc.ac.uk/isoCodelists/sdnCodelists/gmxCodeLists.xml#MD_MaintenanceFrequencyCode" codeListValue="continual">continual</gmd:MD_MaintenanceFrequencyCode>
                  </gmd:maintenanceAndUpdateFrequency>
                  <gmd:userDefinedMaintenanceFrequency>
                     <gts:TM_PeriodDuration>P35D</gts:TM_PeriodDuration>
                  </gmd:userDefinedMaintenanceFrequency>
               </gmd:MD_MaintenanceInformation>
            </gmd:resourceMaintenance>
            <gmd:descriptiveKeywords>
               <gmd:MD_Keywords>
                  <gmd:keyword>
                     <gco:CharacterString>Oceanographic geographical features</gco:CharacterString>
                  </gmd:keyword>
                  <gmd:type>
                     <gmd:MD_KeywordTypeCode codeSpace="SeaDataNet" codeList="https://vocab.nerc.ac.uk/isoCodelists/sdnCodelists/gmxCodeLists.xml#MD_KeywordTypeCode" codeListValue="theme">theme</gmd:MD_KeywordTypeCode>
                  </gmd:type>
                  <gmd:thesaurusName>
                     <gmd:CI_Citation>
                        <gmd:title>
                           <gco:CharacterString>GEMET - INSPIRE themes, version 1.0</gco:CharacterString>
                        </gmd:title>
                        <gmd:date>
                           <gmd:CI_Date>
                              <gmd:date>
                                 <gco:Date>2008-06-01</gco:Date>
                              </gmd:date>
                              <gmd:dateType>
                                 <gmd:CI_DateTypeCode codeList="https://vocab.nerc.ac.uk/isoCodelists/sdnCodelists/gmxCodeLists.xml#CI_DateTypeCode" codeListValue="publication" codeSpace="ISOTC211/19115">publication</gmd:CI_DateTypeCode>
                              </gmd:dateType>
                           </gmd:CI_Date>
                        </gmd:date>
                     </gmd:CI_Citation>
                  </gmd:thesaurusName>
               </gmd:MD_Keywords>
            </gmd:descriptiveKeywords>
            <gmd:descriptiveKeywords>
               <gmd:MD_Keywords>
                  <gmd:keyword>
                     <sdn:SDN_ParameterDiscoveryCode codeSpace="SeaDataNet" codeListValue="SRFL" codeList="https://vocab.nerc.ac.uk/isoCodelists/sdnCodelists/cdicsrCodeList.xml#SDN_ParameterDiscoveryCode">Seismic reflection</sdn:SDN_ParameterDiscoveryCode>
                  </gmd:keyword>
                  <gmd:type>
                     <gmd:MD_KeywordTypeCode codeSpace="SeaDataNet" codeList="https://vocab.nerc.ac.uk/isoCodelists/sdnCodelists/gmxCodeLists.xml#MD_KeywordTypeCode" codeListValue="parameter">parameter</gmd:MD_KeywordTypeCode>
                  </gmd:type>
                  <gmd:thesaurusName>
                     <gmd:CI_Citation>
                        <gmd:title>
                           <gco:CharacterString>SeaDataNet Parameter Discovery Vocabulary</gco:CharacterString>
                        </gmd:title>
                        <gmd:alternateTitle>
                           <gco:CharacterString>P02</gco:CharacterString>
                        </gmd:alternateTitle>
                        <gmd:date>
                           <gmd:CI_Date>
                              <gmd:date>
                                 <gco:Date>2022-05-04</gco:Date>
                              </gmd:date>
                              <gmd:dateType>
                                 <gmd:CI_DateTypeCode codeList="https://vocab.nerc.ac.uk/isoCodelists/sdnCodelists/gmxCodeLists.xml#CI_DateTypeCode" codeListValue="revision" codeSpace="ISOTC211/19115">revision</gmd:CI_DateTypeCode>
                              </gmd:dateType>
                           </gmd:CI_Date>
                        </gmd:date>
                        <gmd:edition>
                           <gco:CharacterString>120</gco:CharacterString>
                        </gmd:edition>
                        <gmd:identifier>
                           <gmd:MD_Identifier>
                              <gmd:code>
                                 <gco:CharacterString>https://www.seadatanet.org/urnurl/SDN:P02</gco:CharacterString>
                              </gmd:code>
                           </gmd:MD_Identifier>
                        </gmd:identifier>
                     </gmd:CI_Citation>
                  </gmd:thesaurusName>
               </gmd:MD_Keywords>
            </gmd:descriptiveKeywords>
            <gmd:descriptiveKeywords>
               <gmd:MD_Keywords>
                  <gmd:keyword>
                     <sdn:SDN_SeaVoxDeviceCatalogueCode codeSpace="SeaDataNet" codeList="https://vocab.nerc.ac.uk/isoCodelists/sdnCodelists/cdicsrCodeList.xml#SDN_SeaVoxDeviceCatalogueCode" codeListValue="TOOLZZZ">unknown</sdn:SDN_SeaVoxDeviceCatalogueCode>
                  </gmd:keyword>
                  <gmd:type>
                     <gmd:MD_KeywordTypeCode codeSpace="SeaDataNet" codeList="https://vocab.nerc.ac.uk/isoCodelists/sdnCodelists/gmxCodeLists.xml#MD_KeywordTypeCode" codeListValue="sensor_model">sensor_model</gmd:MD_KeywordTypeCode>
                  </gmd:type>
                  <gmd:thesaurusName>
                     <gmd:CI_Citation>
                        <gmd:title>
                           <gco:CharacterString>SeaVoX Device Catalogue</gco:CharacterString>
                        </gmd:title>
                        <gmd:alternateTitle>
                           <gco:CharacterString>L22</gco:CharacterString>
                        </gmd:alternateTitle>
                        <gmd:date>
                           <gmd:CI_Date>
                              <gmd:date>
                                 <gco:Date>2022-05-18</gco:Date>
                              </gmd:date>
                              <gmd:dateType>
                                 <gmd:CI_DateTypeCode codeList="https://vocab.nerc.ac.uk/isoCodelists/sdnCodelists/gmxCodeLists.xml#CI_DateTypeCode" codeListValue="revision" codeSpace="ISOTC211/19115">revision</gmd:CI_DateTypeCode>
                              </gmd:dateType>
                           </gmd:CI_Date>
                        </gmd:date>
                        <gmd:edition>
                           <gco:CharacterString>561</gco:CharacterString>
                        </gmd:edition>
                        <gmd:identifier>
                           <gmd:MD_Identifier>
                              <gmd:code>
                                 <gco:CharacterString>https://www.seadatanet.org/urnurl/SDN:L22</gco:CharacterString>
                              </gmd:code>
                           </gmd:MD_Identifier>
                        </gmd:identifier>
                     </gmd:CI_Citation>
                  </gmd:thesaurusName>
               </gmd:MD_Keywords>
            </gmd:descriptiveKeywords>
            <gmd:descriptiveKeywords>
               <gmd:MD_Keywords>
                  <gmd:keyword>
                     <sdn:SDN_DeviceCategoryCode codeSpace="SeaDataNet" codeListValue="154" codeList="https://vocab.nerc.ac.uk/isoCodelists/sdnCodelists/cdicsrCodeList.xml#SDN_DeviceCategoryCode">multi-channel seismic reflection systems</sdn:SDN_DeviceCategoryCode>
                  </gmd:keyword>
                  <gmd:type>
                     <gmd:MD_KeywordTypeCode codeSpace="SeaDataNet" codeList="https://vocab.nerc.ac.uk/isoCodelists/sdnCodelists/gmxCodeLists.xml#MD_KeywordTypeCode" codeListValue="instrument">instrument</gmd:MD_KeywordTypeCode>
                  </gmd:type>
                  <gmd:thesaurusName>
                     <gmd:CI_Citation>
                        <gmd:title>
                           <gco:CharacterString>SeaDataNet device categories</gco:CharacterString>
                        </gmd:title>
                        <gmd:alternateTitle>
                           <gco:CharacterString>L05</gco:CharacterString>
                        </gmd:alternateTitle>
                        <gmd:date>
                           <gmd:CI_Date>
                              <gmd:date>
                                 <gco:Date>2022-04-28</gco:Date>
                              </gmd:date>
                              <gmd:dateType>
                                 <gmd:CI_DateTypeCode codeList="https://vocab.nerc.ac.uk/isoCodelists/sdnCodelists/gmxCodeLists.xml#CI_DateTypeCode" codeListValue="revision" codeSpace="ISOTC211/19115">revision</gmd:CI_DateTypeCode>
                              </gmd:dateType>
                           </gmd:CI_Date>
                        </gmd:date>
                        <gmd:edition>
                           <gco:CharacterString>82</gco:CharacterString>
                        </gmd:edition>
                        <gmd:identifier>
                           <gmd:MD_Identifier>
                              <gmd:code>
                                 <gco:CharacterString>https://www.seadatanet.org/urnurl/SDN:L05</gco:CharacterString>
                              </gmd:code>
                           </gmd:MD_Identifier>
                        </gmd:identifier>
                     </gmd:CI_Citation>
                  </gmd:thesaurusName>
               <gmd:keyword><sdn:SDN_DeviceCategoryCode codeSpace="SeaDataNet" codeListValue="369" codeList="https://vocab.nerc.ac.uk/isoCodelists/sdnCodelists/cdicsrCodeList.xml#SDN_DeviceCategoryCode">hydrophones</sdn:SDN_DeviceCategoryCode></gmd:keyword><gmd:keyword><sdn:SDN_DeviceCategoryCode codeSpace="SeaDataNet" codeListValue="ARAG" codeList="https://vocab.nerc.ac.uk/isoCodelists/sdnCodelists/cdicsrCodeList.xml#SDN_DeviceCategoryCode">airgun array</sdn:SDN_DeviceCategoryCode></gmd:keyword><gmd:keyword><sdn:SDN_DeviceCategoryCode codeSpace="SeaDataNet" codeListValue="999" codeList="https://vocab.nerc.ac.uk/isoCodelists/sdnCodelists/cdicsrCodeList.xml#SDN_DeviceCategoryCode">unknown</sdn:SDN_DeviceCategoryCode></gmd:keyword></gmd:MD_Keywords>
            </gmd:descriptiveKeywords>
            <gmd:descriptiveKeywords>
               <gmd:MD_Keywords>
                  <gmd:keyword>
                     <sdn:SDN_PlatformCategoryCode codeSpace="SeaDataNet" codeListValue="31" codeList="https://vocab.nerc.ac.uk/isoCodelists/sdnCodelists/cdicsrCodeList.xml#SDN_PlatformCategoryCode">research vessel</sdn:SDN_PlatformCategoryCode>
                  </gmd:keyword>
                  <gmd:type>
                     <gmd:MD_KeywordTypeCode codeSpace="SeaDataNet" codeList="https://vocab.nerc.ac.uk/isoCodelists/sdnCodelists/gmxCodeLists.xml#MD_KeywordTypeCode" codeListValue="platform_class">platform_class</gmd:MD_KeywordTypeCode>
                  </gmd:type>
                  <gmd:thesaurusName>
                     <gmd:CI_Citation>
                        <gmd:title>
                           <gco:CharacterString>SeaVoX Platform Categories</gco:CharacterString>
                        </gmd:title>
                        <gmd:alternateTitle>
                           <gco:CharacterString>L06</gco:CharacterString>
                        </gmd:alternateTitle>
                        <gmd:date>
                           <gmd:CI_Date>
                              <gmd:date>
                                 <gco:Date>2021-03-25</gco:Date>
                              </gmd:date>
                              <gmd:dateType>
                                 <gmd:CI_DateTypeCode codeList="https://vocab.nerc.ac.uk/isoCodelists/sdnCodelists/gmxCodeLists.xml#CI_DateTypeCode" codeListValue="revision" codeSpace="ISOTC211/19115">revision</gmd:CI_DateTypeCode>
                              </gmd:dateType>
                           </gmd:CI_Date>
                        </gmd:date>
                        <gmd:edition>
                           <gco:CharacterString>17</gco:CharacterString>
                        </gmd:edition>
                        <gmd:identifier>
                           <gmd:MD_Identifier>
                              <gmd:code>
                                 <gco:CharacterString>https://www.seadatanet.org/urnurl/SDN:L06</gco:CharacterString>
                              </gmd:code>
                           </gmd:MD_Identifier>
                        </gmd:identifier>
                     </gmd:CI_Citation>
                  </gmd:thesaurusName>
               </gmd:MD_Keywords>
            </gmd:descriptiveKeywords>
            <gmd:resourceConstraints>
               <gmd:MD_Constraints>
                  <gmd:useLimitation>
                     <gco:CharacterString>Not applicable</gco:CharacterString>
                  </gmd:useLimitation>
               </gmd:MD_Constraints>
            </gmd:resourceConstraints>
            <gmd:resourceConstraints>
               <gmd:MD_LegalConstraints>
                  <gmd:accessConstraints>
                     <gmd:MD_RestrictionCode codeListValue="otherRestrictions" codeList="https://vocab.nerc.ac.uk/isoCodelists/sdnCodelists/gmxCodeLists.xml#MD_RestrictionCode">otherRestrictions</gmd:MD_RestrictionCode>
                  </gmd:accessConstraints>
                  <gmd:otherConstraints>
                     <gmx:Anchor xlink:href="https://www.seadatanet.org/urnurl/SDN:L08::RS">by negotiation</gmx:Anchor>
                  </gmd:otherConstraints>
               </gmd:MD_LegalConstraints>
            </gmd:resourceConstraints>
            <gmd:aggregationInfo>
               <gmd:MD_AggregateInformation>
                  <gmd:aggregateDataSetName>
                     <gmd:CI_Citation>
                        <gmd:title>
                           <gco:CharacterString>DESAFIO</gco:CharacterString>
                        </gmd:title>
                        <gmd:alternateTitle>
                           <gco:CharacterString>29SG20240115</gco:CharacterString>
                        </gmd:alternateTitle>
                        <gmd:date>
                           <gmd:CI_Date>
                              <gmd:date>
                                 <gco:Date>2024-01-15</gco:Date>
                              </gmd:date>
                              <gmd:dateType>
                                 <gmd:CI_DateTypeCode codeList="https://vocab.nerc.ac.uk/isoCodelists/sdnCodelists/gmxCodeLists.xml#CI_DateTypeCode" codeListValue="revision" codeSpace="ISOTC211/19115">revision</gmd:CI_DateTypeCode>
                              </gmd:dateType>
                           </gmd:CI_Date>
                        </gmd:date>
                     </gmd:CI_Citation>
                  </gmd:aggregateDataSetName>
                  <gmd:aggregateDataSetIdentifier>
                     <gmd:MD_Identifier>
                        <gmd:code>
                           <sdn:SDN_CSRCode codeListValue="20116349" codeList="https://csr.seadatanet.org/isoCodelists/csrCodeList.xml#SDN_CSRCode" codeSpace="SeaDataNet">PROMARES - Sarmiento de Gamboa(29AH)</sdn:SDN_CSRCode>
                        </gmd:code>
                     </gmd:MD_Identifier>
                  </gmd:aggregateDataSetIdentifier>
                  <gmd:associationType>
                     <gmd:DS_AssociationTypeCode codeListValue="largerWorkCitation" codeList="https://vocab.nerc.ac.uk/isoCodelists/sdnCodelists/gmxCodeLists.xml#DS_AssociationTypeCode" codeSpace="ISOTC211/19115">largerWorkCitation</gmd:DS_AssociationTypeCode>
                  </gmd:associationType>
                  <gmd:initiativeType>
                     <gmd:DS_InitiativeTypeCode codeListValue="campaign" codeList="https://vocab.nerc.ac.uk/isoCodelists/sdnCodelists/gmxCodeLists.xml#DS_InitiativeTypeCode" codeSpace="ISOTC211/19115">campaign</gmd:DS_InitiativeTypeCode>
                  </gmd:initiativeType>
               </gmd:MD_AggregateInformation>
            </gmd:aggregationInfo>
            <gmd:spatialRepresentationType>
               <gmd:MD_SpatialRepresentationTypeCode codeList="https://vocab.nerc.ac.uk/isoCodelists/sdnCodelists/gmxCodeLists.xml#MD_SpatialRepresentationTypeCode" codeListValue="textTable">textTable</gmd:MD_SpatialRepresentationTypeCode>
            </gmd:spatialRepresentationType>
            <gmd:language>
               <gmd:LanguageCode codeList="https://vocab.nerc.ac.uk/isoCodelists/sdnCodelists/gmxCodeLists.xml#LanguageCode" codeListValue="eng" codeSpace="ISOTC211/19115">English</gmd:LanguageCode>
            </gmd:language>
            <gmd:characterSet>
               <gmd:MD_CharacterSetCode codeList="https://vocab.nerc.ac.uk/isoCodelists/sdnCodelists/gmxCodeLists.xml#MD_CharacterSetCode" codeListValue="utf8" codeSpace="ISOTC211/19115">utf8</gmd:MD_CharacterSetCode>
            </gmd:characterSet>
            <gmd:topicCategory>
               <gmd:MD_TopicCategoryCode>oceans</gmd:MD_TopicCategoryCode>
            </gmd:topicCategory>
            <gmd:extent>
               <gmd:EX_Extent>
                  <gmd:geographicElement>
                     <gmd:EX_GeographicBoundingBox>
                        <gmd:westBoundLongitude>
                           <gco:Decimal>-16.7386415</gco:Decimal>
                        </gmd:westBoundLongitude>
                        <gmd:eastBoundLongitude>
                           <gco:Decimal>-5.0009313</gco:Decimal>
                        </gmd:eastBoundLongitude>
                        <gmd:southBoundLatitude>
                           <gco:Decimal>27.4292173</gco:Decimal>
                        </gmd:southBoundLatitude>
                        <gmd:northBoundLatitude>
                           <gco:Decimal>41.9001532</gco:Decimal>
                        </gmd:northBoundLatitude>
                     </gmd:EX_GeographicBoundingBox>
                  </gmd:geographicElement>
                  <gmd:geographicElement>
                     <gmd:EX_BoundingPolygon>
                        <gmd:polygon>
                           <gml:MultiCurve gml:id="mc01">
                              <gml:curveMember>
                                 <gml:LineString gml:id="ls001">
                                    <gml:description>curve n&#176;1 from multicurve</gml:description>
                                    <gml:name codeSpace="https://www.seadatanet.org/urnurl/">_1</gml:name>
                                    <gml:posList>-9.0327765 41.9001532 -9.0763158 41.7866697 -9.112639 41.675716 -9.1562217 41.5606642 -9.193883 41.4440098 -9.2452962 41.3308465 -9.2779077 41.216686 -9.3166682 41.1033818 -9.3567767 40.9909273 -9.3967018 40.8754667 -9.4394717 40.7596298 -9.4785742 40.6422755 -9.5194423 40.5243097 -9.5598638 40.4053887 -9.6036815 40.2844367 -9.6475423 40.1637092 -9.6842767 40.04543 -9.7312785 39.926699 -9.7717215 39.8083282 -9.8091923 39.6886605 -9.8524665 39.5689127 -9.8925185 39.4517222 -9.9303752 39.3380093 -9.9711615 39.225299 -10.0084652 39.1117063 -10.0462183 39.0003957 -10.0822053 38.8875337 -10.0846275 38.7698143 -10.0725578 38.653473 -10.0375447 38.5389232 -10.0016958 38.4250878 -9.961726 38.3119198 -9.9302287 38.199017 -9.8985592 38.0863002 -9.8695317 37.973765 -9.8365225 37.8624663 -9.801627 37.749499 -9.7697715 37.6348743 -9.7368387 37.5191137 -9.7024903 37.4038985 -9.6649998 37.2903383 -9.626765 37.1817127 -9.6024202 37.0753435 -9.57574 36.9757223 -9.5541263 36.8848662 -9.532889 36.8024197 -9.4604015 36.7327712 -9.3802493 36.6603397 -9.2975325 36.5932065 -9.1733615 36.5560135 -9.0384095 36.5265502 -8.9003083 36.497633 -8.7692323 36.4662348 -8.6391702 36.4298965 -8.506303 36.3884027 -8.3757627 36.351534 -8.2396287 36.3219973 -8.108464 36.2865512 -7.9764843 36.254262 -7.8417465 36.2205445 -7.7051995 36.1897998 -7.5657538 36.1544043 -7.4241148 36.1155602 -7.2785793 36.0800852 -7.1299842 36.0432822 -6.977249 36.0077952 -6.8288313 35.96979 -6.6781538 35.936708 -6.519157 35.927687 -6.3561433 35.915229 -6.1884948 35.9069432 -6.0158792 35.9124102 -5.8421442 35.9160972 -5.6654213 35.9195503 -5.47987 35.9495603 -5.2812678 36.0057332 -5.2041427 36.125937 -5.1458997 36.244269 -5.1087392 36.310881 -5.1072395 36.3074118 -5.0537703 36.2139825 -5.0564902 36.2151168 -5.0452957 36.1787197 -5.0298447 36.1331033 -5.0395158 36.1380768 -5.0546473 36.088383 -5.0612438 36.0224012 -5.0719105 35.9558808 -5.0815407 35.8870152 -5.0737875 35.9429247 -5.065036 36.0095532 -5.0575878 36.076837 -5.0484445 36.1407282 -5.0682112 36.2064592 -5.0873773 36.2707627 -5.1073165 36.335199 -5.1065677 36.3130583 -5.0870122 36.3157478 -5.1210427 36.2993433 -5.0665417 36.3112775 -5.1232925 36.2860297 -5.0682315 36.2967262 -5.0919907 36.2837297 -5.0417957 36.234332 -5.0310192 36.1321005 -5.0336038 36.132181 -5.031933 36.080113 -5.033036 36.0466475 -5.022533 36.043337 -5.007548 36.1157122 -5.0186205 36.1923903 -5.0351533 36.2681862 -5.101375 36.2745488 -5.0500025 36.2843183 -5.1119095 36.2525962 -5.0539235 36.2653588 -5.0963063 36.242692 -5.0668068 36.2441783 -5.071451 36.2345657 -5.0788805 36.2242408 -5.0669787 36.2199207 -5.0613635 36.2084918 -5.0724193 36.1913072 -5.0373953 36.1906005 -5.1072128 36.1584013 -5.028425 36.1747013 -5.0435472 36.1543488 -5.0862003 36.125928 -5.0024035 36.1414778 -5.065954 36.1144983 -5.0666295 36.0988482 -5.0078035 36.0932737 -5.076865 36.0813462 -5.0502398 36.0679978 -5.0371892 36.0524492 -5.0964055 36.035749 -5.0176952 36.0256227 -5.1013893 36.0234012 -5.0331847 36.0079318 -5.0751827 36.0010983 -5.0932085 35.9933105 -5.0204183 35.9807115 -5.0986643 35.9844337 -5.0199998 35.9675807 -5.1012382 35.9660248 -5.030228 35.9551295 -5.0839603 35.9494077 -5.0583017 35.9399065 -5.084914 35.9326415 -5.0553805 35.924723 -5.0782982 35.9183762 -5.0782275 35.911112 -5.0558595 35.902233 -5.116771 35.915665 -5.1115705 35.9967203 -5.0575778 35.986817 -5.1146943 35.9767775 -5.177658 36.0148407 -5.2638758 36.0163255 -5.3573278 36.0050003 -5.4535522 35.9840217 -5.5424395 35.9602712 -5.6343157 35.9456697 -5.7364252 35.9432795 -5.8465237 35.945571 -5.9678685 35.9453918 -6.0941787 35.9457328 -6.2254172 35.9446177 -6.3327993 35.8739442 -6.4347325 35.7990252 -6.5390057 35.7218332 -6.6472687 35.6438268 -6.7528668 35.565875 -6.844832 35.4925632 -6.9430145 35.4234417 -7.0402907 35.3522005 -7.1374632 35.2780433 -7.2389467 35.2054708 -7.3487142 35.1271827 -7.4580177 35.0412862 -7.5715107 34.9532692 -7.68855 34.8687495 -7.801667 34.785107 -7.9163978 34.7000147 -8.0298083 34.6128805 -8.1420528 34.5252412 -8.2570147 34.4418415 -8.3718233 34.3577922 -8.4852435 34.2720022 -8.5979172 34.1851797 -8.7091642 34.1011578 -8.8181653 34.0142987 -8.9302142 33.9287672 -9.0464818 33.8469422 -9.1619248 33.7637908 -9.2749272 33.678844 -9.3847673 33.58922 -9.4917957 33.5016042 -9.5987483 33.4163273 -9.7105395 33.3333588 -9.8308352 33.254147 -9.9485248 33.1687255 -10.0602915 33.075986 -10.1733275 32.9864673 -10.2861468 32.8994783 -10.3986865 32.8124038 -10.515223 32.7261893 -10.6339693 32.6411263 -10.7453513 32.5503862 -10.8573207 32.4610882 -10.9717753 32.3748867 -11.085018 32.2905858 -11.1990467 32.2054565 -11.3131987 32.1172943 -11.429959 32.0270293 -11.5423182 31.9385368 -11.6572415 31.8496625 -11.77091 31.7604012 -11.8862497 31.6727108 -11.998407 31.5849488 -12.1066852 31.4962208 -12.2208777 31.4103462 -12.3338475 31.3234492 -12.4457727 31.2354282 -12.5583318 31.1495183 -12.6704677 31.0639345 -12.7779422 30.9743857 -12.8905563 30.8895852 -13.0035558 30.8058477 -13.115656 30.722394 -13.2146388 30.6346867 -13.3187008 30.5497832 -13.4259297 30.4662357 -13.5318437 30.3815662 -13.640581 30.2999703 -13.7485452 30.2146285 -13.8581938 30.1293288 -13.964001 30.0431422 -14.0716367 29.9595165 -14.1855017 29.8744978 -14.2893085 29.7869315 -14.3946547 29.7046682 -14.4996023 29.621782 -14.6057115 29.538724 -14.7116797 29.452794 -14.8188925 29.368541 -14.9258893 29.2852135 -15.0285782 29.1995768 -15.133382 29.1167112 -15.2375188 29.0328515 -15.3449957 28.9458565 -15.3983687 28.9020785 -15.3983438 28.9021015 -15.398313 28.9020048 -15.3983587 28.9022232 -15.3983508 28.9022107 -15.3983603 28.9022088 -15.3983685 28.9021947 -15.4547162 28.8514112 -15.5580478 28.7598665 -15.6635577 28.6682852 -15.7700842 28.5789103 -15.8757148 28.4900183 -15.944432 28.427947 -16.0002642 28.3718657 -16.0018893 28.3702958 -16.0019062 28.3702908 -16.006694 28.4105313 -15.966345 28.4629942 -15.972738 28.4184427 -16.0223842 28.3661042 -16.0727465 28.3131297 -16.1235522 28.25971 -16.1754117 28.204867 -16.230653 28.1463238 -16.2828895 28.0907557 -16.3372667 28.033213 -16.3923765 27.9745348 -16.4470365 27.9161458 -16.473697 27.8463785 -16.4029115 27.7304878 -16.3334863 27.6254938 -16.3176017 27.605259 -16.3699468 27.6299707 -16.3699362 27.6299732 -16.3699532 27.6299957 -16.3712795 27.6315593 -16.4218993 27.669964 -16.4208253 27.6696513 -16.4208257 27.6696455 -16.418093 27.6692625 -16.3929415 27.7093422 -16.3291308 27.7872245 -16.2786488 27.8405952 -16.2358193 27.8859263 -16.202411 27.9214215 -16.1659062 27.9601277 -16.1304097 27.9975345 -16.0958502 28.0340753 -16.0530867 28.0793015 -16.0023895 28.1328193 -15.9500425 28.1879492 -15.8976348 28.24281 -15.8468833 28.2965725 -15.8239555 28.3387225 -15.8699105 28.3296975 -15.8698875 28.3296955 -15.885113 28.3719985 -15.9411162 28.3816565 -15.9943592 28.325639 -16.050193 28.266664 -16.106665 28.2071288 -16.1609938 28.1495918 -16.201751 28.1066082 -16.2470413 28.058808 -16.2994215 28.0029508 -16.3501078 27.9488415 -16.4014288 27.8946407 -16.4484377 27.8408708 -16.4681938 27.7300198 -16.4578363 27.7269827 -16.4578648 27.7269733 -16.4578297 27.7270007 -16.4800128 27.7371978 -16.5876492 27.832505 -16.6842387 27.9311638 -16.7266098 28.037673 -16.727497 28.0422658 -16.7222865 27.975007 -16.6351453 27.9166857 -16.5264798 27.8701115 -16.4184428 27.8301687 -16.3661998 27.8741768 -16.3224893 27.9205627 -16.2772647 27.9685738 -16.225964 28.0228865 -16.1814398 28.069821 -16.1405843 28.1133143 -16.092662 28.1636498 -16.0436443 28.2157498 -15.9923997 28.2697008 -15.9422548 28.3223835 -15.8889702 28.3781862 -15.9547065 28.4512082 -16.0216717 28.4230487 -16.074013 28.3679113 -16.1281905 28.310824 -16.1792532 28.2571547 -16.2283157 28.2048822 -16.2788658 28.151523 -16.3299495 28.0971943 -16.3801123 28.044094 -16.4276033 27.993333 -16.4713368 27.9467665 -16.5118388 27.9036808 -16.4551413 27.8362657 -16.3749608 27.809079 -16.3316932 27.8550168 -16.2873048 27.9016785 -16.2385805 27.9533908 -16.1905625 28.003981 -16.1416383 28.0559702 -16.0909057 28.1094215 -16.0415663 28.1620063 -15.9952188 28.210537 -15.9482842 28.259914 -15.8984165 28.3121727 -15.850286 28.3630962 -15.9541808 28.353848 -15.9547545 28.3527292 -15.954801 28.3527045 -15.9736377 28.3904383 -16.0085 28.479247 -16.0546 28.4306285 -16.0999622 28.3826605 -16.145948 28.3341558 -16.1913382 28.2862893 -16.2355115 28.2395943 -16.2839887 28.1880567 -16.3339513 28.1351592 -16.3855367 28.0803673 -16.4329905 28.0302023 -16.4815837 27.9781773 -16.5297952 27.9270413 -16.4524712 27.8470132 -16.4008337 27.8950072 -16.3499697 27.862524 -16.334255 27.7816492 -16.2916415 27.8266332 -16.2436218 27.8777557 -16.1930512 27.9312998 -16.1461595 27.9810147 -16.1041377 28.0253903 -16.0612407 28.0703787 -16.0173297 28.1170777 -15.9717478 28.1650157 -15.925436 28.2138725 -15.8770395 28.2648018 -15.8320187 28.3122335 -15.7745662 28.3162662 -15.8244123 28.2641588 -15.875494 28.2105983 -15.9217122 28.1617885 -15.9706903 28.1102072 -16.0182338 28.0929318 -16.0189402 28.093742 -16.0093562 28.0940285 -16.0265623 28.0512383 -16.0712465 28.0042683 -16.1121075 27.9609217 -16.1542197 27.9163415 -16.1989723 27.8689175 -16.2455548 27.8195282 -16.2933233 27.7686978 -16.2701705 27.7510583 -16.223639 27.800645 -16.1746837 27.8524797 -16.1240833 27.9060392 -16.0751375 27.9578067 -16.025242 28.0104257 -15.9759078 28.0625038 -15.9302885 28.1107012 -15.885354 28.1579778 -15.8393772 28.2063662 -15.7916662 28.2563603 -15.7440575 28.3023192 -15.748316 28.2596795 -15.793817 28.2122263 -15.8387915 28.1649252 -15.885671 28.1155593 -15.9299152 28.0687397 -15.9718458 28.0248945 -16.0137842 27.9805308 -16.0592653 27.932513 -16.1060925 27.8830298 -16.154414 27.8319422 -16.211045 27.7718888 -16.2615373 27.711631 -16.2083942 27.7325308 -16.1590395 27.7847147 -16.1117822 27.8348268 -16.0638563 27.8852628 -16.0169293 27.9351532 -15.9701618 27.9844032 -15.9247417 28.0319015 -15.8778337 28.082302 -15.8279088 28.1350842 -15.7750467 28.1897553 -15.7219318 28.245549 -15.6688678 28.3010415 -15.6164197 28.3557448 -15.5649543 28.4096545 -15.5147428 28.4619795 -15.4649362 28.5138083 -15.4161698 28.5646208 -15.3678083 28.5966722 -15.3887252 28.5442622 -15.4352848 28.4958358 -15.4811425 28.4479957 -15.5281107 28.3991042 -15.5754725 28.349662 -15.6218858 28.3011648 -15.6670922 28.2538322 -15.7282417 28.2624847 -15.6993033 28.3111137 -15.6529198 28.359615 -15.6065663 28.4081447 -15.5605607 28.4561477 -15.5149107 28.5037538 -15.4781633 28.5420462 -15.4287225 28.5934312 -15.4436223 28.6198923 -15.4936767 28.5680123 -15.5432348 28.5160252 -15.5936593 28.4634097 -15.6434425 28.411294 -15.6905812 28.3621258 -15.7382528 28.3123583 -15.7592388 28.3322972 -15.7118197 28.3819718 -15.6646485 28.4312767 -15.616274 28.4815703 -15.5686527 28.5313627 -15.5212452 28.5808592 -15.471624 28.6323872 -15.4996477 28.6591977 -15.5489982 28.6078722 -15.599793 28.5549228 -15.6499937 28.502594 -15.6983308 28.4520857 -15.745049 28.4030568 -15.7899082 28.3560542 -15.8406537 28.372772 -15.7952472 28.420641 -15.7517552 28.466093 -15.7038927 28.516282 -15.6574353 28.564538 -15.61194 28.612194 -15.5612822 28.6648848 -15.5465343 28.719205 -15.6199755 28.7177175 -15.6691497 28.6663383 -15.7195858 28.6137275 -15.7705945 28.5605387 -15.8192937 28.5095285 -15.8667838 28.4595308 -15.9157515 28.409175 -15.9782667 28.4688145 -15.9278382 28.521701 -15.878207 28.5737635 -15.8302945 28.6240057 -15.780684 28.6759192 -15.7292335 28.7296652 -15.6776548 28.7833952 -15.7205748 28.8226508 -15.7716228 28.7688433 -15.8240117 28.7140238 -15.8754543 28.6599833 -15.9265885 28.6062525 -15.9788713 28.5504743 -16.031646 28.4958403 -16.0835185 28.4407265 -16.1340777 28.3871217 -16.1806142 28.3379715 -16.22822 28.2873548 -16.2772128 28.2354722 -16.1611205 28.1569978 -16.097244 28.1155828 -16.0216117 28.1327267 -16.0861298 28.169246 -16.0583592 28.2282637 -16.003177 28.1987612 -15.9555095 28.2207943 -16.0197165 28.2607888 -15.9419458 28.285391 -15.8769092 28.2549875 -15.8865912 28.3079805 -15.9429735 28.3415383 -15.8923462 28.3636487 -15.8375612 28.3192928 -15.7936418 28.3486193 -15.8520887 28.3906335 -15.8571018 28.441373 -15.8104748 28.4377283 -15.7577068 28.3895693 -15.6771257 28.4321192 -15.7211338 28.4771425 -15.6813083 28.4909063 -15.6824345 28.4644025 -15.7610043 28.4105823 -15.8130483 28.3125055 -15.8353 28.2241205 -15.8352958 28.2241367 -15.8353035 28.2241348 -15.8381298 28.1877218 -15.884841 28.1339777 -15.9309197 28.0659402 -15.9833812 27.9915877 -16.0391402 27.9681458 -16.10793 27.9951483 -16.173363 28.0234052 -16.2378377 28.0549255 -16.3034107 28.0828308 -16.3685267 28.1105422 -16.3538687 28.1543517 -16.3099942 28.2020237 -16.2689508 28.2481552 -16.3208528 28.2390733 -16.2739905 28.292019 -16.2242093 28.3470788 -16.1727083 28.404033 -16.1237775 28.4587283 -16.0775138 28.5100505 -16.0267452 28.5651828 -15.9451377 28.5196453 -15.9174245 28.4746452 -15.930713 28.4121177 -16.0127408 28.4358258 -16.03661 28.4841248 -16.1067302 28.4390707 -16.165031 28.4246032 -16.2136162 28.439377 -16.2095803 28.3995577 -16.2514137 28.430173 -16.2480472 28.4525973 -16.2436027 28.4636688 -16.2436192 28.4636393 -16.2436353 28.4636695 -16.2436185 28.4636103 -16.2436098 28.4636155 -16.2436767 28.4636287 -16.2436547 28.4636328 -16.2436533 28.4636012 -16.2436408 28.4636265 -16.2436527 28.4636065 -16.2436425 28.4635933 -16.2436428 28.4635903 -16.2436303 28.4635815 -16.2436302 28.4635755 -16.243634 28.4635622 -16.2436447 28.4635588 -16.2436447 28.4635695 -16.243646 28.4635697 -16.243648 28.4635677 -16.2436523 28.4635668 -16.2436472 28.4635622 -16.2436443 28.463557 -16.2436475 28.4635638 -16.2436462 28.4635622 -16.2436493 28.4635777 -16.243656 28.4635977 -16.2436592 28.463573 -16.2436778 28.4636175 -16.2436727 28.4636053 -16.2436718 28.4636487 -16.2436603 28.4636578 -16.2436742 28.4636268 -16.2436612 28.4636298 -16.2436385 28.4636343 -16.2436485 28.463654 -16.2436243 28.4636922 -16.2436363 28.4636627 -16.2436383 28.4636452 -16.2436357 28.4636548 -16.2435937 28.4636512 -16.243614 28.463622 -16.2436708 28.4636333 -16.2436543 28.4636457 -16.2436485 28.4636563 -16.2436352 28.4636377 -16.243639 28.4636255 -16.2436422 28.4636088 -16.2436523 28.46361 -16.2436285 28.4635912 -16.243629 28.463574 -16.2436327 28.4635583 -16.243645 28.4635563 -16.24365 28.46356 -16.2436452 28.4635613 -16.2436445 28.4635623 -16.2436512 28.4635592 -16.2436452 28.4635548 -16.243645 28.4635575 -16.2094728 28.4293635 -16.1610935 28.4678363 -16.113235 28.5168728 -16.1353535 28.4780023 -16.1609222 28.3982588 -16.1786978 28.2996602 -16.2300332 28.245457 -16.2204332 28.169565 -16.2204355 28.1695677 -16.1231845 28.1355127 -16.0792797 28.1204995 -16.0792895 28.12049 -16.0527903 28.048086 -16.0105175 27.925123 -16.0241885 27.8444293 -16.0718337 27.793853 -16.1204527 27.7427545 -16.1674983 27.6930385 -16.2154488 27.6418262 -16.2645673 27.5894853 -16.3128782 27.5382042 -16.361864 27.485803 -16.3597625 27.435005 -16.3105917 27.4830477 -16.2618625 27.5349045 -16.2135867 27.5865332 -16.1649957 27.6381747 -16.11578 27.6906338 -16.0648907 27.7447675 -16.0178605 27.7946948 -15.9692003 27.8462675 -15.9757837 27.8715802 -16.0190327 27.8280225 -16.0861938 27.772212 -16.2061663 27.7052913 -16.2562177 27.6539372 -16.3042488 27.6028303 -16.35072 27.5530977 -16.3979353 27.5032662 -16.4624572 27.4888452 -16.4632858 27.5453578 -16.4160042 27.5959868 -16.368179 27.6468603 -16.320139 27.6984045 -16.3086847 27.7580243 -16.37797 27.7490077 -16.4275042 27.6963622 -16.4752315 27.6461263 -16.5257448 27.5927752 -16.5787153 27.573258 -16.5418663 27.6316677 -16.4940877 27.6825797 -16.4455587 27.7340672 -16.4002063 27.782121 -16.3728797 27.8128065 -16.4387012 27.7974872 -16.4886402 27.7435565 -16.5377797 27.6920577 -16.5879642 27.6387353 -16.644263 27.6350665 -16.5963695 27.6860792 -16.5481088 27.7373357 -16.5003058 27.7878707 -16.4514685 27.8395827 -16.4939988 27.8509612 -16.5407095 27.8015855 -16.5867343 27.752367 -16.6351957 27.7015283 -16.6717255 27.6784168 -16.6261585 27.7963877 -16.578564 27.916864 -16.527373 27.9727077 -16.476169 28.0258317 -16.4249208 28.0797543 -16.4000457 28.1288547 -16.3570417 28.1810382 -16.3060637 28.2345932 -16.3452203 28.2449977 -16.2971518 28.2993538 -16.2485067 28.3548465 -16.2019632 28.4070977 -16.2406065 28.45686 -16.2429693 28.454652 -16.2515443 28.443909 -16.281321 28.3970937 -16.2129328 28.421245 -16.1408528 28.440794 -16.067147 28.4471857 -15.9578537 28.4187188 -15.8296512 28.4157577 -15.6953353 28.4457872 -15.5614815 28.4664332 -15.5170943 28.5182002 -15.4777293 28.5155248 -15.525473 28.4703613 -15.5724983 28.4167447 -15.5429875 28.415175 -15.5447538 28.4293378 -15.5594523 28.4565845 -15.5499383 28.4723712 -15.520316 28.4732277 -15.5355977 28.5102882 -15.4915338 28.5028687 -15.4934263 28.5206873 -15.4081847 28.4723327 -15.3329232 28.4724158 -15.257681 28.4723622 -15.1886443 28.4723898 -15.1228382 28.4723737 -15.051657 28.4722107 -14.9784312 28.4720725 -14.9134122 28.4379063 -14.9632717 28.4179767 -15.0391782 28.4185313 -15.1166893 28.4193225 -15.1937822 28.4198682 -15.2750798 28.4206643 -15.3521983 28.4209005 -15.4298723 28.4215828 -15.495416 28.3843868 -15.4234142 28.3839417 -15.3460948 28.3837202 -15.2689363 28.3832988 -15.1934993 28.3830418 -15.1147823 28.3825743 -15.0384393 28.3826947 -14.963319 28.3816248 -14.8871488 28.3566512 -14.9655928 28.3474898 -15.0445532 28.3482968 -15.123185 28.349121 -15.2012808 28.3498735 -15.281202 28.3504465 -15.3581972 28.3512335 -15.4351125 28.3517618 -15.5152192 28.3522083 -15.5238352 28.3212532 -15.4496192 28.3207512 -15.3740342 28.3199778 -15.2968337 28.3191212 -15.2255308 28.3184217 -15.1542187 28.317799 -15.0836675 28.3166923 -15.0067917 28.3157623 -15.1008587 28.3736667 -15.1562277 28.4000125 -15.1562308 28.4000407 -15.1562473 28.3999988 -15.1548375 28.3922898 -15.1671662 28.2791378 -15.316535 28.2823987 -15.4681247 28.2843085 -15.619709 28.2860897 -15.7730133 28.3090332 -15.92041 28.3501135 -16.0653487 28.3935163 -16.0815778 28.4004963 -16.0815817 28.4004642 -16.086129 28.4000063 -16.1579952 28.287707 -16.1841225 28.1743267 -16.1460657 28.1430797 -16.1460763 28.143065 -16.1514362 28.143584 -16.0729397 28.1560372 -15.9502417 28.1857598 -15.8274433 28.2193165 -15.7745043 28.2148655 -15.8244275 28.1649015 -15.8735 28.1157055 -15.9109633 28.070545 -15.8535258 28.1179533 -15.8074905 28.1687228 -15.7663167 28.2143427 -15.8138428 28.1687533 -15.8611708 28.1184577 -15.9055158 28.0711673 -15.933436 28.0036953 -16.0078442 27.9205083 -16.0077435 27.8812207 -16.0032238 27.9165743 -16.1401425 27.8872903 -16.2300863 27.869989 -16.2298018 27.8699003 -16.2286665 27.867328 -16.2512708 27.8959152 -16.3221822 27.9548113 -16.3220345 27.9547748 -16.319829 27.9572675 -16.2742603 27.9143972 -16.2746502 27.9147998 -16.2641617 27.906777 -16.1482795 27.8257772 -16.0333275 27.7471535 -15.9082275 27.6827533 -15.7609235 27.657303 -15.613957 27.6303137 -15.4677963 27.605587 -15.3649242 27.5853523 -15.293235 27.5638607 -15.2184583 27.541592 -15.1441882 27.5195007 -15.0720195 27.4978835 -15.0000462 27.4763372 -14.9276503 27.4545962 -14.8559507 27.433037 -14.8400872 27.4787812 -14.9107912 27.4997233 -14.9828028 27.5208788 -15.0532525 27.541574 -15.1241113 27.5623597 -15.1956397 27.5832118 -15.2671817 27.6042173 -15.3376657 27.624594 -15.3834455 27.6549167 -15.3223418 27.6677142 -15.2534825 27.6477168 -15.1833143 27.627246 -15.1140525 27.6070093 -15.0441792 27.5865795 -14.9738467 27.5660953 -14.9015643 27.544776 -14.827556 27.5229348 -14.799216 27.6088217 -14.794307 27.7172295 -14.7942892 27.7171755 -14.7966037 27.7104848 -14.7851818 27.6915787 -14.7803428 27.5629528 -14.8495263 27.5743667 -14.9337787 27.5996023 -15.0164587 27.6242978 -15.1000035 27.650232 -15.189403 27.6758843 -15.2763415 27.7023507 -15.2986967 27.7543962 -15.2192993 27.7311593 -15.1407727 27.7081462 -15.0638172 27.6854773 -14.9882212 27.6632935 -14.9152103 27.6416915 -14.841552 27.6200157 -14.7715217 27.6180083 -14.8208832 27.6552813 -14.9026723 27.6797083 -14.9842188 27.7041385 -15.0678788 27.7289345 -15.1517913 27.753772 -15.2363687 27.7789992 -15.2616118 27.8228198 -15.1770262 27.804498 -15.0902845 27.779141 -15.0051432 27.7541827 -14.9239365 27.7304645 -14.8425372 27.7064065 -14.760336 27.682178 -14.7561575 27.7261087 -14.83761 27.7499527 -14.9200747 27.7739965 -14.9058273 27.8914625 -14.8825228 28.0217885 -14.8793885 28.0500035 -14.9027528 28.0373102 -14.9753855 28.0589937 -15.047715 28.0804855 -15.1205032 28.1022075 -15.1929442 28.1235548 -15.2634478 28.144477 -15.3315845 28.1644665 -15.3131652 28.1898592 -15.246516 28.1702385 -15.1796283 28.1502267 -15.1093152 28.1288312 -15.036791 28.106848 -14.9651483 28.0850105 -14.8946425 28.0635857 -14.9020147 28.0084568 -14.9684427 28.0280017 -15.032881 28.0477993 -15.1017408 28.0685857 -15.1704583 28.0892228 -15.2380837 28.1096407 -15.3046017 28.129262 -15.3027938 28.1005242 -15.233971 28.0799938 -15.1639863 28.0589275 -15.0915693 28.0372262 -15.0165632 28.0145587 -14.944162 27.9928237 -14.9217775 27.9570887 -14.9880025 27.9771582 -15.0559162 27.9977098 -15.1231163 28.0179275 -15.1909942 28.0382108 -15.259985 28.0588947 -15.3266855 28.0748232 -15.2779622 28.0281067 -15.2062527 28.0073212 -15.1344972 27.985947 -15.064536 27.9658023 -14.995126 27.9455078 -14.9288318 27.9229043 -14.9915223 27.9112492 -15.0632628 27.9321828 -15.1351482 27.9535373 -15.207498 27.9742608 -15.283579 27.996256 -15.3004093 27.9666282 -15.2305627 27.9460513 -15.1623615 27.9259352 -15.0985545 27.9070335 -15.0341973 27.8877067 -14.9686567 27.868267 -14.8989562 27.8473935 -14.857467 27.7982777 -14.9264087 27.8185343 -14.9962407 27.8388863 -15.0683113 27.8601128 -15.1419682 27.8815672 -15.2174487 27.9035403 -15.2298682 27.8598093 -15.1615783 27.8446788 -15.0900225 27.8238145 -15.0183227 27.8029517 -14.9737007 27.7913057 -14.960608 27.7860623 -14.9057443 27.8200335 -14.8709817 27.9410922 -14.8416347 28.0672728 -14.9065222 28.1011952 -14.9804107 28.1233558 -15.0523243 28.1454578 -15.124468 28.1672032 -15.194174 28.1883002 -15.2619367 28.2086498 -15.3338607 28.2301575 -15.3056232 28.2549122 -15.2324965 28.2331502 -15.158867 28.2109638 -15.0888088 28.189878 -15.0182428 28.1685517 -14.9450253 28.1463645 -14.8667842 28.1223077 -14.8475683 28.1502898 -14.9340955 28.1760315 -15.0183172 28.2018595 -15.1005323 28.2268725 -15.1838933 28.2520138 -15.2648388 28.2764452 -15.2979722 28.2958467 -15.1678883 28.2780225 -15.081818 28.252084 -15.0003342 28.2276702 -14.9173473 28.2022518 -14.8325613 28.1764218 -14.8149835 28.2329595 -14.9005242 28.258126 -14.986949 28.279181 -15.0657175 28.2802205 -15.1425413 28.2806385 -15.2209623 28.2819208 -15.2986527 28.2831348 -15.3468458 28.2514385 -15.4253622 28.2522815 -15.5055667 28.2529627 -15.5850797 28.2535098 -15.609467 28.2222728 -15.5337033 28.2215103 -15.459033 28.2210037 -15.3808852 28.2202828 -15.3157048 28.2076853 -15.3593997 28.1478775</gml:posList>
                                 </gml:LineString>
                              </gml:curveMember>
                           </gml:MultiCurve>
                        </gmd:polygon>
                     </gmd:EX_BoundingPolygon>
                  </gmd:geographicElement>
                  <gmd:temporalElement>
                     <gmd:EX_TemporalExtent>
                        <gmd:extent>
                           <gml:TimePeriod gml:id="mik3.8.2">
                              <gml:beginPosition>2024-01-15T00:00:00</gml:beginPosition>
                              <gml:endPosition>2024-03-06T00:00:00</gml:endPosition>
                           </gml:TimePeriod>
                        </gmd:extent>
                     </gmd:EX_TemporalExtent>
                  </gmd:temporalElement>
               </gmd:EX_Extent>
            </gmd:extent>
         </sdn:SDN_DataIdentification>
      </gmd:identificationInfo>
      <gmd:distributionInfo>
         <gmd:MD_Distribution>
            <gmd:distributionFormat>
               <gmd:MD_Format>
                  <gmd:name>
                     <sdn:SDN_FormatNameCode codeSpace="SeaDataNet" codeListValue="SEGY" codeList="https://vocab.nerc.ac.uk/isoCodelists/sdnCodelists/cdicsrCodeList.xml#SDN_FormatNameCode">Society of Exploration Geophysicists SEG Y</sdn:SDN_FormatNameCode>
                  </gmd:name>
                  <gmd:version>
                     <gco:CharacterString>1</gco:CharacterString>
                  </gmd:version>
               </gmd:MD_Format>
            </gmd:distributionFormat>
            <gmd:distributor>
               <gmd:MD_Distributor>
                  <gmd:distributorContact>
                     <gmd:CI_ResponsibleParty>
                        <gmd:organisationName>
                           <sdn:SDN_EDMOCode codeList="https://edmo.seadatanet.org/isocodelists/edmo-edmerp-codelists.xml#SDN_EDMOCode" codeSpace="SeaDataNet" codeListValue="2489">CSIC, Marine Technology Unit (CSIC-UTM)</sdn:SDN_EDMOCode>
                        </gmd:organisationName>
                        <gmd:contactInfo>
                           <gmd:CI_Contact>
                              <gmd:phone>
                                 <gmd:CI_Telephone>
                                    <gmd:voice>
                                       <gco:CharacterString>+34 932 309500</gco:CharacterString>
                                    </gmd:voice>
                                    <gmd:facsimile>
                                       <gco:CharacterString>+34 932 309555</gco:CharacterString>
                                    </gmd:facsimile>
                                 </gmd:CI_Telephone>
                              </gmd:phone>
                              <gmd:address>
                                 <gmd:CI_Address>
                                    <gmd:deliveryPoint>
                                       <gco:CharacterString>Paseo Maritimo de la Barceloneta, 37-49 </gco:CharacterString>
                                    </gmd:deliveryPoint>
                                    <gmd:city>
                                       <gco:CharacterString>Barcelona</gco:CharacterString>
                                    </gmd:city>
                                    <gmd:postalCode>
                                       <gco:CharacterString>08003</gco:CharacterString>
                                    </gmd:postalCode>
                                    <gmd:country>
                                       <sdn:SDN_CountryCode codeSpace="SeaDataNet" codeListValue="ES" codeList="https://vocab.nerc.ac.uk/isoCodelists/sdnCodelists/cdicsrCodeList.xml#SDN_CountryCode">Spain</sdn:SDN_CountryCode>
                                    </gmd:country>
                                    <gmd:electronicMailAddress>
                                       <gco:CharacterString>info@utm.csic.es</gco:CharacterString>
                                    </gmd:electronicMailAddress>
                                 </gmd:CI_Address>
                              </gmd:address>
                              <gmd:onlineResource>
                                 <gmd:CI_OnlineResource>
                                    <gmd:linkage>
                                       <gmd:URL>http://www.utm.csic.es/</gmd:URL>
                                    </gmd:linkage>
                                 </gmd:CI_OnlineResource>
                              </gmd:onlineResource>
                           </gmd:CI_Contact>
                        </gmd:contactInfo>
                        <gmd:role>
                           <gmd:CI_RoleCode codeList="https://vocab.nerc.ac.uk/isoCodelists/sdnCodelists/gmxCodeLists.xml#CI_RoleCode" codeListValue="distributor" codeSpace="ISOTC211/19115">distributor</gmd:CI_RoleCode>
                        </gmd:role>
                     </gmd:CI_ResponsibleParty>
                  </gmd:distributorContact>
               </gmd:MD_Distributor>
            </gmd:distributor>
            <gmd:transferOptions>
               <gmd:MD_DigitalTransferOptions>
                  <gmd:onLine>
                     <gmd:CI_OnlineResource>
                        <gmd:linkage>
                           <gmd:URL>http://www.sdn-taskmanager.org/</gmd:URL>
                        </gmd:linkage>
                        <gmd:protocol>
                           <gco:CharacterString>HTTP-DOWNLOAD</gco:CharacterString>
                        </gmd:protocol>
                        <gmd:function>
                           <gmd:CI_OnLineFunctionCode codeList="https://vocab.nerc.ac.uk/isoCodelists/sdnCodelists/gmxCodeLists.xml#CI_OnLineFunctionCode" codeListValue="downloadRegistration" codeSpace="SeaDataNet">web data access with registration</gmd:CI_OnLineFunctionCode>
                        </gmd:function>
                     </gmd:CI_OnlineResource>
                  </gmd:onLine>
               </gmd:MD_DigitalTransferOptions>
            </gmd:transferOptions>
         </gmd:MD_Distribution>
      </gmd:distributionInfo>
      <gmd:dataQualityInfo>
         <gmd:DQ_DataQuality>
            <gmd:scope>
               <gmd:DQ_Scope>
                  <gmd:level>
                     <gmd:MD_ScopeCode codeList="https://vocab.nerc.ac.uk/isoCodelists/sdnCodelists/gmxCodeLists.xml#MD_ScopeCode" codeListValue="dataset" codeSpace="ISOTC211/19115">dataset</gmd:MD_ScopeCode>
                  </gmd:level>
               </gmd:DQ_Scope>
            </gmd:scope>
            <gmd:report>
               <gmd:DQ_DomainConsistency>
                  <gmd:result>
                     <gmd:DQ_ConformanceResult>
                        <gmd:specification>
                           <gmd:CI_Citation>
                              <gmd:title>
                                 <gco:CharacterString>COMMISSION REGULATION (EU) No 1089/2010 of 23 November 2010 implementing Directive 2007/2/EC of the European Parliament and of the Council as regards interoperability of spatial data sets and services</gco:CharacterString>
                              </gmd:title>
                              <gmd:date>
                                 <gmd:CI_Date>
                                    <gmd:date>
                                       <gco:Date>2010-12-08</gco:Date>
                                    </gmd:date>
                                    <gmd:dateType>
                                       <gmd:CI_DateTypeCode codeList="https://vocab.nerc.ac.uk/isoCodelists/sdnCodelists/gmxCodeLists.xml#CI_DateTypeCode" codeListValue="publication" codeSpace="ISOTC211/19115">publication</gmd:CI_DateTypeCode>
                                    </gmd:dateType>
                                 </gmd:CI_Date>
                              </gmd:date>
                           </gmd:CI_Citation>
                        </gmd:specification>
                        <gmd:explanation>
                           <gco:CharacterString>See the referenced specification</gco:CharacterString>
                        </gmd:explanation>
                        <gmd:pass>
                           <gco:Boolean>true</gco:Boolean>
                        </gmd:pass>
                     </gmd:DQ_ConformanceResult>
                  </gmd:result>
               </gmd:DQ_DomainConsistency>
            </gmd:report>
            <gmd:report>
               <gmd:DQ_DomainConsistency>
                  <gmd:result>
                     <gmd:DQ_ConformanceResult>
                        <gmd:specification>
                           <gmd:CI_Citation>
                              <gmd:title>
                                 <gco:CharacterString>COMMISSION REGULATION (EC) No 1205/2008 of 3 December 2008 implementing Directive 2007/2/EC of the European Parliament and of the Council as regards metadata</gco:CharacterString>
                              </gmd:title>
                              <gmd:date>
                                 <gmd:CI_Date>
                                    <gmd:date>
                                       <gco:Date>2008-12-04</gco:Date>
                                    </gmd:date>
                                    <gmd:dateType>
                                       <gmd:CI_DateTypeCode codeList="https://vocab.nerc.ac.uk/isoCodelists/sdnCodelists/gmxCodeLists.xml#CI_DateTypeCode" codeListValue="publication" codeSpace="ISOTC211/19115">publication</gmd:CI_DateTypeCode>
                                    </gmd:dateType>
                                 </gmd:CI_Date>
                              </gmd:date>
                           </gmd:CI_Citation>
                        </gmd:specification>
                        <gmd:explanation>
                           <gco:CharacterString>See the referenced specification</gco:CharacterString>
                        </gmd:explanation>
                        <gmd:pass>
                           <gco:Boolean>true</gco:Boolean>
                        </gmd:pass>
                     </gmd:DQ_ConformanceResult>
                  </gmd:result>
               </gmd:DQ_DomainConsistency>
            </gmd:report>
            <gmd:lineage>
               <gmd:LI_Lineage>
                  <gmd:statement>
                     <gco:CharacterString>The data centres apply standard data quality control procedures on all data that the centres manage. Ask the data centre for details.</gco:CharacterString>
                  </gmd:statement>
               </gmd:LI_Lineage>
            </gmd:lineage>
         </gmd:DQ_DataQuality>
      </gmd:dataQualityInfo>
   </gmd:MD_Metadata>