cruiseid,lat,lon,instrument_id,instrument,vessel,codiid,met_cat
29SG20240214,29.1477398,-15.4988572,CTD_ROS,,SARMIENTO DE GAMBOA,29SG20240214_ctd_ros_01,"<a href=""http://data.utm.csic.es/geonetwork/srv/eng/catalog.search#/metadata/urn:SDN:CDI:LOCAL:29SG20240214_ctd_ros""  target=""_blank"">View in metadata catalog</a>"
29SG20240214,29.1667003,-15.5000122,CTD_ROS,,SARMIENTO DE GAMBOA,29SG20240214_ctd_ros_02,"<a href=""http://data.utm.csic.es/geonetwork/srv/eng/catalog.search#/metadata/urn:SDN:CDI:LOCAL:29SG20240214_ctd_ros""  target=""_blank"">View in metadata catalog</a>"
29SG20240214,29.1950612,-15.518049,CTD_ROS,,SARMIENTO DE GAMBOA,29SG20240214_ctd_ros_03,"<a href=""http://data.utm.csic.es/geonetwork/srv/eng/catalog.search#/metadata/urn:SDN:CDI:LOCAL:29SG20240214_ctd_ros""  target=""_blank"">View in metadata catalog</a>"
29SG20240214,29.1766577,-15.4229143,CTD_ROS,,SARMIENTO DE GAMBOA,29SG20240214_ctd_ros_04,"<a href=""http://data.utm.csic.es/geonetwork/srv/eng/catalog.search#/metadata/urn:SDN:CDI:LOCAL:29SG20240214_ctd_ros""  target=""_blank"">View in metadata catalog</a>"
29SG20240214,29.1961967,-15.4927912,CTD_ROS,,SARMIENTO DE GAMBOA,29SG20240214_ctd_ros_05,"<a href=""http://data.utm.csic.es/geonetwork/srv/eng/catalog.search#/metadata/urn:SDN:CDI:LOCAL:29SG20240214_ctd_ros""  target=""_blank"">View in metadata catalog</a>"
29SG20240214,29.1611592,-15.4218815,CTD_ROS,,SARMIENTO DE GAMBOA,29SG20240214_ctd_ros_06,"<a href=""http://data.utm.csic.es/geonetwork/srv/eng/catalog.search#/metadata/urn:SDN:CDI:LOCAL:29SG20240214_ctd_ros""  target=""_blank"">View in metadata catalog</a>"
29SG20240214,29.1582703,-15.431191,CTD_ROS,,SARMIENTO DE GAMBOA,29SG20240214_ctd_ros_07,"<a href=""http://data.utm.csic.es/geonetwork/srv/eng/catalog.search#/metadata/urn:SDN:CDI:LOCAL:29SG20240214_ctd_ros""  target=""_blank"">View in metadata catalog</a>"
