<!-- this file has been created using MIKADO version 3.8.2 --><?xml-model href="https://schemas.seadatanet.org/Standards-Software/Metadata-formats/SDN_CDI_ISO19139_13.0.0.sch" type="application/xml" schematypens="http://purl.oclc.org/dsdl/schematron"?><gmd:MD_Metadata xmlns:gmd="http://www.isotc211.org/2005/gmd" xmlns:gmi="http://www.isotc211.org/2005/gmi" xmlns:srv="http://www.isotc211.org/2005/srv" xmlns:gco="http://www.isotc211.org/2005/gco" xmlns:gts="http://www.isotc211.org/2005/gts" xmlns:gmx="http://www.isotc211.org/2005/gmx" xmlns:xlink="http://www.w3.org/1999/xlink" xmlns:sdn="http://www.seadatanet.org" xmlns:gml="http://www.opengis.net/gml" xmlns:xsi="http://www.w3.org/2001/XMLSchema-instance" xsi:schemaLocation="http://www.seadatanet.org https://schemas.seadatanet.org/Standards-Software/Metadata-formats/SDN_CDI_ISO19139_13.0.0.xsd http://www.isotc211.org/2005/gmd http://schemas.opengis.net/iso/19139/20060504/gmd/gmd.xsd">
   <gmd:fileIdentifier>
      <gco:CharacterString>urn:SDN:CDI:LOCAL:29HE20240117_grv</gco:CharacterString>
   </gmd:fileIdentifier>
   <gmd:language>
      <gmd:LanguageCode codeList="https://vocab.nerc.ac.uk/isoCodelists/sdnCodelists/gmxCodeLists.xml#LanguageCode" codeListValue="eng" codeSpace="ISOTC211/19115">English</gmd:LanguageCode>
   </gmd:language>
   <gmd:characterSet>
      <gmd:MD_CharacterSetCode codeList="https://vocab.nerc.ac.uk/isoCodelists/sdnCodelists/gmxCodeLists.xml#MD_CharacterSetCode" codeListValue="utf8" codeSpace="ISOTC211/19115">utf8</gmd:MD_CharacterSetCode>
   </gmd:characterSet>
   <gmd:hierarchyLevel>
      <gmd:MD_ScopeCode codeList="https://vocab.nerc.ac.uk/isoCodelists/sdnCodelists/gmxCodeLists.xml#MD_ScopeCode" codeListValue="dataset" codeSpace="ISOTC211/19115">dataset</gmd:MD_ScopeCode>
   </gmd:hierarchyLevel>
   <gmd:hierarchyLevelName>
      <sdn:SDN_HierarchyLevelNameCode codeList="https://vocab.nerc.ac.uk/isoCodelists/sdnCodelists/cdicsrCodeList.xml#SDN_HierarchyLevelNameCode" codeListValue="CDI" codeSpace="SeaDataNet">Common Data Index record</sdn:SDN_HierarchyLevelNameCode>
   </gmd:hierarchyLevelName>
   <gmd:contact>
      <gmd:CI_ResponsibleParty>
         <gmd:organisationName>
            <sdn:SDN_EDMOCode codeList="https://edmo.seadatanet.org/isocodelists/edmo-edmerp-codelists.xml#SDN_EDMOCode" codeSpace="SeaDataNet" codeListValue="2489">CSIC, Marine Technology Unit (CSIC-UTM)</sdn:SDN_EDMOCode>
         </gmd:organisationName>
         <gmd:contactInfo>
            <gmd:CI_Contact>
               <gmd:phone>
                  <gmd:CI_Telephone>
                     <gmd:voice>
                        <gco:CharacterString>+34 932 309500</gco:CharacterString>
                     </gmd:voice>
                     <gmd:facsimile>
                        <gco:CharacterString>+34 932 309555</gco:CharacterString>
                     </gmd:facsimile>
                  </gmd:CI_Telephone>
               </gmd:phone>
               <gmd:address>
                  <gmd:CI_Address>
                     <gmd:deliveryPoint>
                        <gco:CharacterString>Paseo Maritimo de la Barceloneta, 37-49 </gco:CharacterString>
                     </gmd:deliveryPoint>
                     <gmd:city>
                        <gco:CharacterString>Barcelona</gco:CharacterString>
                     </gmd:city>
                     <gmd:postalCode>
                        <gco:CharacterString>08003</gco:CharacterString>
                     </gmd:postalCode>
                     <gmd:country>
                        <sdn:SDN_CountryCode codeSpace="SeaDataNet" codeListValue="ES" codeList="https://vocab.nerc.ac.uk/isoCodelists/sdnCodelists/cdicsrCodeList.xml#SDN_CountryCode">Spain</sdn:SDN_CountryCode>
                     </gmd:country>
                     <gmd:electronicMailAddress>
                        <gco:CharacterString>info@utm.csic.es</gco:CharacterString>
                     </gmd:electronicMailAddress>
                  </gmd:CI_Address>
               </gmd:address>
               <gmd:onlineResource>
                  <gmd:CI_OnlineResource>
                     <gmd:linkage>
                        <gmd:URL>http://www.utm.csic.es/</gmd:URL>
                     </gmd:linkage>
                  </gmd:CI_OnlineResource>
               </gmd:onlineResource>
            </gmd:CI_Contact>
         </gmd:contactInfo>
         <gmd:role>
            <gmd:CI_RoleCode codeList="https://vocab.nerc.ac.uk/isoCodelists/sdnCodelists/gmxCodeLists.xml#CI_RoleCode" codeListValue="pointOfContact" codeSpace="ISOTC211/19115">pointOfContact</gmd:CI_RoleCode>
         </gmd:role>
      </gmd:CI_ResponsibleParty>
   </gmd:contact>
   <gmd:dateStamp>
      <gco:Date>2024-03-14</gco:Date>
   </gmd:dateStamp>
   <gmd:metadataStandardName>
      <gco:CharacterString>ISO 19115/SeaDataNet profile</gco:CharacterString>
   </gmd:metadataStandardName>
   <gmd:metadataStandardVersion>
      <gco:CharacterString>1.0</gco:CharacterString>
   </gmd:metadataStandardVersion>
   <gmd:spatialRepresentationInfo>
      <gmd:MD_VectorSpatialRepresentation>
         <gmd:geometricObjects>
            <gmd:MD_GeometricObjects>
               <gmd:geometricObjectType>
                  <gmd:MD_GeometricObjectTypeCode codeList="https://vocab.nerc.ac.uk/isoCodelists/sdnCodelists/gmxCodeLists.xml#MD_GeometricObjectTypeCode" codeListValue="curve" codeSpace="ISOTC211/19115">curve</gmd:MD_GeometricObjectTypeCode>
               </gmd:geometricObjectType>
            </gmd:MD_GeometricObjects>
         </gmd:geometricObjects>
      </gmd:MD_VectorSpatialRepresentation>
   </gmd:spatialRepresentationInfo>
   <gmd:spatialRepresentationInfo>
      <gmd:MD_GridSpatialRepresentation>
         <gmd:numberOfDimensions>
            <gco:Integer>0</gco:Integer>
         </gmd:numberOfDimensions>
         <gmd:cellGeometry>
            <gmd:MD_CellGeometryCode codeList="https://vocab.nerc.ac.uk/isoCodelists/sdnCodelists/gmxCodeLists.xml#MD_CellGeometryCode" codeListValue="point" codeSpace="ISOTC211/19115">point</gmd:MD_CellGeometryCode>
         </gmd:cellGeometry>
         <gmd:transformationParameterAvailability>
            <gco:Boolean>false</gco:Boolean>
         </gmd:transformationParameterAvailability>
      </gmd:MD_GridSpatialRepresentation>
   </gmd:spatialRepresentationInfo>
   <gmd:referenceSystemInfo>
      <gmd:MD_ReferenceSystem>
         <gmd:referenceSystemIdentifier>
            <gmd:RS_Identifier>
               <gmd:authority>
                  <gmd:CI_Citation>
                     <gmd:title>
                        <gco:CharacterString>SeaDataNet geographic co-ordinate reference frames</gco:CharacterString>
                     </gmd:title>
                     <gmd:alternateTitle>
                        <gco:CharacterString>L10</gco:CharacterString>
                     </gmd:alternateTitle>
                     <gmd:date>
                        <gmd:CI_Date>
                           <gmd:date>
                              <gco:Date>2011-03-03</gco:Date>
                           </gmd:date>
                           <gmd:dateType>
                              <gmd:CI_DateTypeCode codeList="https://vocab.nerc.ac.uk/isoCodelists/sdnCodelists/gmxCodeLists.xml#CI_DateTypeCode" codeListValue="revision" codeSpace="ISOTC211/19115">revision</gmd:CI_DateTypeCode>
                           </gmd:dateType>
                        </gmd:CI_Date>
                     </gmd:date>
                     <gmd:edition>
                        <gco:CharacterString>3</gco:CharacterString>
                     </gmd:edition>
                     <gmd:identifier>
                        <gmd:MD_Identifier>
                           <gmd:code>
                              <gco:CharacterString>https://www.seadatanet.org/urnurl/SDN:L10</gco:CharacterString>
                           </gmd:code>
                        </gmd:MD_Identifier>
                     </gmd:identifier>
                  </gmd:CI_Citation>
               </gmd:authority>
               <gmd:code>
                  <sdn:SDN_CRSCode codeList="https://vocab.nerc.ac.uk/isoCodelists/sdnCodelists/cdicsrCodeList.xml#SDN_CRSCode" codeListValue="4326" codeSpace="SeaDataNet">World Geodetic System 84</sdn:SDN_CRSCode>
               </gmd:code>
            </gmd:RS_Identifier>
         </gmd:referenceSystemIdentifier>
      </gmd:MD_ReferenceSystem>
   </gmd:referenceSystemInfo>
   <gmd:metadataExtensionInfo xlink:href="https://schemas.seadatanet.org/Standards-Software/Metadata-formats/cdiExtensionInformation.xml"/>
      <gmd:identificationInfo>
         <sdn:SDN_DataIdentification gco:isoType="MD_DataIdentification_Type">
            <gmd:citation>
               <gmd:CI_Citation>
                  <gmd:title>
                     <gco:CharacterString>TRYINGGG gravimeter data</gco:CharacterString>
                  </gmd:title>
                  <gmd:alternateTitle>
                     <gco:CharacterString>29HE20240117_grv</gco:CharacterString>
                  </gmd:alternateTitle>
                  <gmd:date>
                     <gmd:CI_Date>
                        <gmd:date>
                           <gco:Date>2024-03-14</gco:Date>
                        </gmd:date>
                        <gmd:dateType>
                           <gmd:CI_DateTypeCode codeList="https://vocab.nerc.ac.uk/isoCodelists/sdnCodelists/gmxCodeLists.xml#CI_DateTypeCode" codeListValue="revision" codeSpace="ISOTC211/19115">revision</gmd:CI_DateTypeCode>
                        </gmd:dateType>
                     </gmd:CI_Date>
                  </gmd:date>
                  <gmd:identifier>
                     <gmd:MD_Identifier>
                        <gmd:code>
                           <gco:CharacterString>urn:SDN:CDI:LOCAL:29HE20240117_grv</gco:CharacterString>
                        </gmd:code>
                     </gmd:MD_Identifier>
                  </gmd:identifier>
                  <gmd:citedResponsibleParty>
                     <gmd:CI_ResponsibleParty>
                        <gmd:organisationName>
                           <sdn:SDN_EDMOCode codeList="https://edmo.seadatanet.org/isocodelists/edmo-edmerp-codelists.xml#SDN_EDMOCode" codeSpace="SeaDataNet" codeListValue="2182">A. P. Karpinsky Russian Geological Research Institute  (VSEGEI)</sdn:SDN_EDMOCode>
                        </gmd:organisationName>
                        <gmd:contactInfo>
                           <gmd:CI_Contact>
                              <gmd:address>
                                 <gmd:CI_Address>
                                    <gmd:deliveryPoint>
                                       <gco:CharacterString>Sredny pr. 74</gco:CharacterString>
                                    </gmd:deliveryPoint>
                                    <gmd:city>
                                       <gco:CharacterString>Russian Federation</gco:CharacterString>
                                    </gmd:city>
                                    <gmd:postalCode>
                                       <gco:CharacterString/>
                                    </gmd:postalCode>
                                    <gmd:country>
                                       <sdn:SDN_CountryCode codeSpace="SeaDataNet" codeListValue="99" codeList="https://vocab.nerc.ac.uk/isoCodelists/sdnCodelists/cdicsrCodeList.xml#SDN_CountryCode">Unknown</sdn:SDN_CountryCode>
                                    </gmd:country>
                                    <gmd:electronicMailAddress>
                                       <gco:CharacterString>vsegei@vsegei.ru</gco:CharacterString>
                                    </gmd:electronicMailAddress>
                                 </gmd:CI_Address>
                              </gmd:address>
                           </gmd:CI_Contact>
                        </gmd:contactInfo>
                        <gmd:role>
                           <gmd:CI_RoleCode codeList="https://vocab.nerc.ac.uk/isoCodelists/sdnCodelists/gmxCodeLists.xml#CI_RoleCode" codeListValue="originator" codeSpace="ISOTC211/19115">originator</gmd:CI_RoleCode>
                        </gmd:role>
                     </gmd:CI_ResponsibleParty>
                  </gmd:citedResponsibleParty>
               </gmd:CI_Citation>
            </gmd:citation>
            <gmd:abstract>
               <gco:CharacterString>Gravity data acquired on board the R/V Hesp&#233;rides with an Air-Sea Dynamic System II gravimeter during the TRYINGGG cruise.</gco:CharacterString>
            </gmd:abstract>
            <gmd:pointOfContact>
               <gmd:CI_ResponsibleParty>
                  <gmd:organisationName>
                     <sdn:SDN_EDMOCode codeList="https://edmo.seadatanet.org/isocodelists/edmo-edmerp-codelists.xml#SDN_EDMOCode" codeSpace="SeaDataNet" codeListValue="2182">A. P. Karpinsky Russian Geological Research Institute  (VSEGEI)</sdn:SDN_EDMOCode>
                  </gmd:organisationName>
                  <gmd:contactInfo>
                     <gmd:CI_Contact>
                        <gmd:address>
                           <gmd:CI_Address>
                              <gmd:deliveryPoint>
                                 <gco:CharacterString>Sredny pr. 74</gco:CharacterString>
                              </gmd:deliveryPoint>
                              <gmd:city>
                                 <gco:CharacterString>Russian Federation</gco:CharacterString>
                              </gmd:city>
                              <gmd:country>
                                 <sdn:SDN_CountryCode codeSpace="SeaDataNet" codeListValue="99" codeList="https://vocab.nerc.ac.uk/isoCodelists/sdnCodelists/cdicsrCodeList.xml#SDN_CountryCode">Unknown</sdn:SDN_CountryCode>
                              </gmd:country>
                              <gmd:electronicMailAddress>
                                 <gco:CharacterString>vsegei@vsegei.ru</gco:CharacterString>
                              </gmd:electronicMailAddress>
                           </gmd:CI_Address>
                        </gmd:address>
                     </gmd:CI_Contact>
                  </gmd:contactInfo>
                  <gmd:role>
                     <gmd:CI_RoleCode codeList="https://vocab.nerc.ac.uk/isoCodelists/sdnCodelists/gmxCodeLists.xml#CI_RoleCode" codeListValue="custodian" codeSpace="ISOTC211/19115">custodian</gmd:CI_RoleCode>
                  </gmd:role>
               </gmd:CI_ResponsibleParty>
            </gmd:pointOfContact>
            <gmd:resourceMaintenance>
               <gmd:MD_MaintenanceInformation>
                  <gmd:maintenanceAndUpdateFrequency>
                     <gmd:MD_MaintenanceFrequencyCode codeList="https://vocab.nerc.ac.uk/isoCodelists/sdnCodelists/gmxCodeLists.xml#MD_MaintenanceFrequencyCode" codeListValue="continual">continual</gmd:MD_MaintenanceFrequencyCode>
                  </gmd:maintenanceAndUpdateFrequency>
                  <gmd:userDefinedMaintenanceFrequency>
                     <gts:TM_PeriodDuration>P35D</gts:TM_PeriodDuration>
                  </gmd:userDefinedMaintenanceFrequency>
               </gmd:MD_MaintenanceInformation>
            </gmd:resourceMaintenance>
            <gmd:descriptiveKeywords>
               <gmd:MD_Keywords>
                  <gmd:keyword>
                     <gco:CharacterString>Oceanographic geographical features</gco:CharacterString>
                  </gmd:keyword>
                  <gmd:type>
                     <gmd:MD_KeywordTypeCode codeSpace="SeaDataNet" codeList="https://vocab.nerc.ac.uk/isoCodelists/sdnCodelists/gmxCodeLists.xml#MD_KeywordTypeCode" codeListValue="theme">theme</gmd:MD_KeywordTypeCode>
                  </gmd:type>
                  <gmd:thesaurusName>
                     <gmd:CI_Citation>
                        <gmd:title>
                           <gco:CharacterString>GEMET - INSPIRE themes, version 1.0</gco:CharacterString>
                        </gmd:title>
                        <gmd:date>
                           <gmd:CI_Date>
                              <gmd:date>
                                 <gco:Date>2008-06-01</gco:Date>
                              </gmd:date>
                              <gmd:dateType>
                                 <gmd:CI_DateTypeCode codeList="https://vocab.nerc.ac.uk/isoCodelists/sdnCodelists/gmxCodeLists.xml#CI_DateTypeCode" codeListValue="publication" codeSpace="ISOTC211/19115">publication</gmd:CI_DateTypeCode>
                              </gmd:dateType>
                           </gmd:CI_Date>
                        </gmd:date>
                     </gmd:CI_Citation>
                  </gmd:thesaurusName>
               </gmd:MD_Keywords>
            </gmd:descriptiveKeywords>
            <gmd:descriptiveKeywords>
               <gmd:MD_Keywords>
                  <gmd:keyword>
                     <sdn:SDN_ParameterDiscoveryCode codeSpace="SeaDataNet" codeListValue="GRAV" codeList="https://vocab.nerc.ac.uk/isoCodelists/sdnCodelists/cdicsrCodeList.xml#SDN_ParameterDiscoveryCode">Gravity</sdn:SDN_ParameterDiscoveryCode>
                  </gmd:keyword>
                  <gmd:type>
                     <gmd:MD_KeywordTypeCode codeSpace="SeaDataNet" codeList="https://vocab.nerc.ac.uk/isoCodelists/sdnCodelists/gmxCodeLists.xml#MD_KeywordTypeCode" codeListValue="parameter">parameter</gmd:MD_KeywordTypeCode>
                  </gmd:type>
                  <gmd:thesaurusName>
                     <gmd:CI_Citation>
                        <gmd:title>
                           <gco:CharacterString>SeaDataNet Parameter Discovery Vocabulary</gco:CharacterString>
                        </gmd:title>
                        <gmd:alternateTitle>
                           <gco:CharacterString>P02</gco:CharacterString>
                        </gmd:alternateTitle>
                        <gmd:date>
                           <gmd:CI_Date>
                              <gmd:date>
                                 <gco:Date>2022-05-04</gco:Date>
                              </gmd:date>
                              <gmd:dateType>
                                 <gmd:CI_DateTypeCode codeList="https://vocab.nerc.ac.uk/isoCodelists/sdnCodelists/gmxCodeLists.xml#CI_DateTypeCode" codeListValue="revision" codeSpace="ISOTC211/19115">revision</gmd:CI_DateTypeCode>
                              </gmd:dateType>
                           </gmd:CI_Date>
                        </gmd:date>
                        <gmd:edition>
                           <gco:CharacterString>120</gco:CharacterString>
                        </gmd:edition>
                        <gmd:identifier>
                           <gmd:MD_Identifier>
                              <gmd:code>
                                 <gco:CharacterString>https://www.seadatanet.org/urnurl/SDN:P02</gco:CharacterString>
                              </gmd:code>
                           </gmd:MD_Identifier>
                        </gmd:identifier>
                     </gmd:CI_Citation>
                  </gmd:thesaurusName>
               </gmd:MD_Keywords>
            </gmd:descriptiveKeywords>
            <gmd:descriptiveKeywords>
               <gmd:MD_Keywords>
                  <gmd:keyword>
                     <sdn:SDN_SeaVoxDeviceCatalogueCode codeSpace="SeaDataNet" codeList="https://vocab.nerc.ac.uk/isoCodelists/sdnCodelists/cdicsrCodeList.xml#SDN_SeaVoxDeviceCatalogueCode" codeListValue="TOOLZZZ">unknown</sdn:SDN_SeaVoxDeviceCatalogueCode>
                  </gmd:keyword>
                  <gmd:type>
                     <gmd:MD_KeywordTypeCode codeSpace="SeaDataNet" codeList="https://vocab.nerc.ac.uk/isoCodelists/sdnCodelists/gmxCodeLists.xml#MD_KeywordTypeCode" codeListValue="sensor_model">sensor_model</gmd:MD_KeywordTypeCode>
                  </gmd:type>
                  <gmd:thesaurusName>
                     <gmd:CI_Citation>
                        <gmd:title>
                           <gco:CharacterString>SeaVoX Device Catalogue</gco:CharacterString>
                        </gmd:title>
                        <gmd:alternateTitle>
                           <gco:CharacterString>L22</gco:CharacterString>
                        </gmd:alternateTitle>
                        <gmd:date>
                           <gmd:CI_Date>
                              <gmd:date>
                                 <gco:Date>2022-05-18</gco:Date>
                              </gmd:date>
                              <gmd:dateType>
                                 <gmd:CI_DateTypeCode codeList="https://vocab.nerc.ac.uk/isoCodelists/sdnCodelists/gmxCodeLists.xml#CI_DateTypeCode" codeListValue="revision" codeSpace="ISOTC211/19115">revision</gmd:CI_DateTypeCode>
                              </gmd:dateType>
                           </gmd:CI_Date>
                        </gmd:date>
                        <gmd:edition>
                           <gco:CharacterString>561</gco:CharacterString>
                        </gmd:edition>
                        <gmd:identifier>
                           <gmd:MD_Identifier>
                              <gmd:code>
                                 <gco:CharacterString>https://www.seadatanet.org/urnurl/SDN:L22</gco:CharacterString>
                              </gmd:code>
                           </gmd:MD_Identifier>
                        </gmd:identifier>
                     </gmd:CI_Citation>
                  </gmd:thesaurusName>
               </gmd:MD_Keywords>
            </gmd:descriptiveKeywords>
            <gmd:descriptiveKeywords>
               <gmd:MD_Keywords>
                  <gmd:keyword>
                     <sdn:SDN_DeviceCategoryCode codeSpace="SeaDataNet" codeListValue="158" codeList="https://vocab.nerc.ac.uk/isoCodelists/sdnCodelists/cdicsrCodeList.xml#SDN_DeviceCategoryCode">gravimeters</sdn:SDN_DeviceCategoryCode>
                  </gmd:keyword>
                  <gmd:type>
                     <gmd:MD_KeywordTypeCode codeSpace="SeaDataNet" codeList="https://vocab.nerc.ac.uk/isoCodelists/sdnCodelists/gmxCodeLists.xml#MD_KeywordTypeCode" codeListValue="instrument">instrument</gmd:MD_KeywordTypeCode>
                  </gmd:type>
                  <gmd:thesaurusName>
                     <gmd:CI_Citation>
                        <gmd:title>
                           <gco:CharacterString>SeaDataNet device categories</gco:CharacterString>
                        </gmd:title>
                        <gmd:alternateTitle>
                           <gco:CharacterString>L05</gco:CharacterString>
                        </gmd:alternateTitle>
                        <gmd:date>
                           <gmd:CI_Date>
                              <gmd:date>
                                 <gco:Date>2022-04-28</gco:Date>
                              </gmd:date>
                              <gmd:dateType>
                                 <gmd:CI_DateTypeCode codeList="https://vocab.nerc.ac.uk/isoCodelists/sdnCodelists/gmxCodeLists.xml#CI_DateTypeCode" codeListValue="revision" codeSpace="ISOTC211/19115">revision</gmd:CI_DateTypeCode>
                              </gmd:dateType>
                           </gmd:CI_Date>
                        </gmd:date>
                        <gmd:edition>
                           <gco:CharacterString>82</gco:CharacterString>
                        </gmd:edition>
                        <gmd:identifier>
                           <gmd:MD_Identifier>
                              <gmd:code>
                                 <gco:CharacterString>https://www.seadatanet.org/urnurl/SDN:L05</gco:CharacterString>
                              </gmd:code>
                           </gmd:MD_Identifier>
                        </gmd:identifier>
                     </gmd:CI_Citation>
                  </gmd:thesaurusName>
               </gmd:MD_Keywords>
            </gmd:descriptiveKeywords>
            <gmd:descriptiveKeywords>
               <gmd:MD_Keywords>
                  <gmd:keyword>
                     <sdn:SDN_PlatformCategoryCode codeSpace="SeaDataNet" codeListValue="31" codeList="https://vocab.nerc.ac.uk/isoCodelists/sdnCodelists/cdicsrCodeList.xml#SDN_PlatformCategoryCode">research vessel</sdn:SDN_PlatformCategoryCode>
                  </gmd:keyword>
                  <gmd:type>
                     <gmd:MD_KeywordTypeCode codeSpace="SeaDataNet" codeList="https://vocab.nerc.ac.uk/isoCodelists/sdnCodelists/gmxCodeLists.xml#MD_KeywordTypeCode" codeListValue="platform_class">platform_class</gmd:MD_KeywordTypeCode>
                  </gmd:type>
                  <gmd:thesaurusName>
                     <gmd:CI_Citation>
                        <gmd:title>
                           <gco:CharacterString>SeaVoX Platform Categories</gco:CharacterString>
                        </gmd:title>
                        <gmd:alternateTitle>
                           <gco:CharacterString>L06</gco:CharacterString>
                        </gmd:alternateTitle>
                        <gmd:date>
                           <gmd:CI_Date>
                              <gmd:date>
                                 <gco:Date>2021-03-25</gco:Date>
                              </gmd:date>
                              <gmd:dateType>
                                 <gmd:CI_DateTypeCode codeList="https://vocab.nerc.ac.uk/isoCodelists/sdnCodelists/gmxCodeLists.xml#CI_DateTypeCode" codeListValue="revision" codeSpace="ISOTC211/19115">revision</gmd:CI_DateTypeCode>
                              </gmd:dateType>
                           </gmd:CI_Date>
                        </gmd:date>
                        <gmd:edition>
                           <gco:CharacterString>17</gco:CharacterString>
                        </gmd:edition>
                        <gmd:identifier>
                           <gmd:MD_Identifier>
                              <gmd:code>
                                 <gco:CharacterString>https://www.seadatanet.org/urnurl/SDN:L06</gco:CharacterString>
                              </gmd:code>
                           </gmd:MD_Identifier>
                        </gmd:identifier>
                     </gmd:CI_Citation>
                  </gmd:thesaurusName>
               </gmd:MD_Keywords>
            </gmd:descriptiveKeywords>
            <gmd:resourceConstraints>
               <gmd:MD_Constraints>
                  <gmd:useLimitation>
                     <gco:CharacterString>Not applicable</gco:CharacterString>
                  </gmd:useLimitation>
               </gmd:MD_Constraints>
            </gmd:resourceConstraints>
            <gmd:resourceConstraints>
               <gmd:MD_LegalConstraints>
                  <gmd:accessConstraints>
                     <gmd:MD_RestrictionCode codeListValue="otherRestrictions" codeList="https://vocab.nerc.ac.uk/isoCodelists/sdnCodelists/gmxCodeLists.xml#MD_RestrictionCode">otherRestrictions</gmd:MD_RestrictionCode>
                  </gmd:accessConstraints>
                  <gmd:otherConstraints>
                     <gmx:Anchor xlink:href="https://www.seadatanet.org/urnurl/SDN:L08::CB">Creative Commons Attribution 4.0 International</gmx:Anchor>
                  </gmd:otherConstraints>
               </gmd:MD_LegalConstraints>
            </gmd:resourceConstraints>
            <gmd:aggregationInfo>
               <gmd:MD_AggregateInformation>
                  <gmd:aggregateDataSetName>
                     <gmd:CI_Citation>
                        <gmd:title>
                           <gco:CharacterString>TRYINGGG</gco:CharacterString>
                        </gmd:title>
                        <gmd:alternateTitle>
                           <gco:CharacterString>29HE20240117</gco:CharacterString>
                        </gmd:alternateTitle>
                        <gmd:date>
                           <gmd:CI_Date>
                              <gmd:date>
                                 <gco:Date>2024-01-17</gco:Date>
                              </gmd:date>
                              <gmd:dateType>
                                 <gmd:CI_DateTypeCode codeList="https://vocab.nerc.ac.uk/isoCodelists/sdnCodelists/gmxCodeLists.xml#CI_DateTypeCode" codeListValue="revision" codeSpace="ISOTC211/19115">revision</gmd:CI_DateTypeCode>
                              </gmd:dateType>
                           </gmd:CI_Date>
                        </gmd:date>
                     </gmd:CI_Citation>
                  </gmd:aggregateDataSetName>
                  <gmd:aggregateDataSetIdentifier>
                     <gmd:MD_Identifier>
                        <gmd:code>
                           <sdn:SDN_CSRCode codeListValue="20195014" codeList="https://csr.seadatanet.org/isoCodelists/csrCodeList.xml#SDN_CSRCode" codeSpace="SeaDataNet">ZEE-2010_GAROE - Hesperides(29HE)</sdn:SDN_CSRCode>
                        </gmd:code>
                     </gmd:MD_Identifier>
                  </gmd:aggregateDataSetIdentifier>
                  <gmd:associationType>
                     <gmd:DS_AssociationTypeCode codeListValue="largerWorkCitation" codeList="https://vocab.nerc.ac.uk/isoCodelists/sdnCodelists/gmxCodeLists.xml#DS_AssociationTypeCode" codeSpace="ISOTC211/19115">largerWorkCitation</gmd:DS_AssociationTypeCode>
                  </gmd:associationType>
                  <gmd:initiativeType>
                     <gmd:DS_InitiativeTypeCode codeListValue="campaign" codeList="https://vocab.nerc.ac.uk/isoCodelists/sdnCodelists/gmxCodeLists.xml#DS_InitiativeTypeCode" codeSpace="ISOTC211/19115">campaign</gmd:DS_InitiativeTypeCode>
                  </gmd:initiativeType>
               </gmd:MD_AggregateInformation>
            </gmd:aggregationInfo>
            <gmd:spatialRepresentationType>
               <gmd:MD_SpatialRepresentationTypeCode codeList="https://vocab.nerc.ac.uk/isoCodelists/sdnCodelists/gmxCodeLists.xml#MD_SpatialRepresentationTypeCode" codeListValue="textTable">textTable</gmd:MD_SpatialRepresentationTypeCode>
            </gmd:spatialRepresentationType>
            <gmd:language>
               <gmd:LanguageCode codeList="https://vocab.nerc.ac.uk/isoCodelists/sdnCodelists/gmxCodeLists.xml#LanguageCode" codeListValue="eng" codeSpace="ISOTC211/19115">English</gmd:LanguageCode>
            </gmd:language>
            <gmd:characterSet>
               <gmd:MD_CharacterSetCode codeList="https://vocab.nerc.ac.uk/isoCodelists/sdnCodelists/gmxCodeLists.xml#MD_CharacterSetCode" codeListValue="utf8" codeSpace="ISOTC211/19115">utf8</gmd:MD_CharacterSetCode>
            </gmd:characterSet>
            <gmd:topicCategory>
               <gmd:MD_TopicCategoryCode>oceans</gmd:MD_TopicCategoryCode>
            </gmd:topicCategory>
            <gmd:extent>
               <gmd:EX_Extent>
                  <gmd:geographicElement>
                     <gmd:EX_GeographicBoundingBox>
                        <gmd:westBoundLongitude>
                           <gco:Decimal>-65.9229394</gco:Decimal>
                        </gmd:westBoundLongitude>
                        <gmd:eastBoundLongitude>
                           <gco:Decimal>-56.9995621</gco:Decimal>
                        </gmd:eastBoundLongitude>
                        <gmd:southBoundLatitude>
                           <gco:Decimal>-63.3932591</gco:Decimal>
                        </gmd:southBoundLatitude>
                        <gmd:northBoundLatitude>
                           <gco:Decimal>-56.1156033</gco:Decimal>
                        </gmd:northBoundLatitude>
                     </gmd:EX_GeographicBoundingBox>
                  </gmd:geographicElement>
                  <gmd:geographicElement>
                     <gmd:EX_BoundingPolygon>
                        <gmd:polygon>
                           <gml:MultiCurve gml:id="mc01">
                              <gml:curveMember>
                                 <gml:LineString gml:id="ls001">
                                    <gml:description>curve n&#176;1 from multicurve</gml:description>
                                    <gml:name codeSpace="https://www.seadatanet.org/urnurl/">_1</gml:name>
                                    <gml:posList>-65.2835052 -56.1156033 -65.091248 -56.2579757 -64.890021 -56.4066519 -64.6832511 -56.5587706 -64.4776358 -56.708711 -64.2856726 -56.8561291 -64.0822348 -56.9975201 -63.8827534 -57.1444783 -63.6839259 -57.2890039 -63.4757891 -57.4315393 -63.2879293 -57.5716229 -63.0878941 -57.7080163 -62.8869999 -57.8524263 -62.6822588 -57.9983217 -62.4707261 -58.1474288 -62.2550138 -58.2998028 -62.0359058 -58.4500321 -61.8225071 -58.599528 -61.6089702 -58.7504927 -61.3913303 -58.8990376 -61.1708086 -59.0506535 -60.9494009 -59.2014869 -60.7319565 -59.350221 -60.5077269 -59.5008897 -60.2837492 -59.6514237 -60.0609758 -59.8016393 -59.8335805 -59.9527019 -59.6076481 -60.1036839 -59.377041 -60.2542377 -59.148073 -60.4064797 -58.9186609 -60.556307 -58.6857462 -60.7063189 -58.4850762 -60.852713 -58.2438428 -60.9955585 -58.010897 -61.1441035 -57.781119 -61.2951514 -57.5632242 -61.4485981 -57.3587701 -61.5995645 -57.1502378 -61.7519746 -57.033079 -61.9290833 -57.0905977 -62.0267663 -57.1963579 -62.0489228 -57.3469038 -62.0803843 -57.5111116 -62.1149974 -57.6535866 -62.1450796 -57.7676814 -62.168748 -57.8782584 -62.1927312 -57.9890577 -62.2167174 -58.0975781 -62.2372574 -58.2127297 -62.2621885 -58.3287479 -62.28552 -58.4485008 -62.310421 -58.5725828 -62.3363566 -58.6839043 -62.3357786 -58.7619592 -62.2803369 -58.8362339 -62.2270185 -58.9058908 -62.1964887 -58.8748607 -62.1969044 -58.8815529 -62.2023309 -58.8894549 -62.2032406 -58.8746594 -62.197179 -58.8365714 -62.2276904 -58.6735068 -62.343099 -58.885024 -62.4223078 -59.1346783 -62.4972382 -59.3772624 -62.5899125 -59.652095 -62.6698548 -59.9382663 -62.7371139 -60.2176296 -62.8166812 -60.4758421 -62.7604425 -60.4103117 -62.6567259 -60.3987371 -62.6572671 -60.394986 -62.6550759 -60.3972155 -62.6546051 -60.4641574 -62.6707917 -60.5176238 -62.7203471 -60.5019806 -62.7678459 -60.4889978 -62.8134568 -60.4846493 -62.8638206 -60.4716962 -62.9116141 -60.4693038 -62.9600702 -60.4870001 -62.9771385 -60.4734756 -62.9687335 -60.5022001 -62.9876596 -60.6803448 -62.9692254 -60.6770478 -62.9695549 -60.6705982 -62.9713926 -60.6726456 -62.9704736 -60.6734925 -62.9697977 -60.6234036 -62.9791333 -60.478236 -62.9164027 -60.4886213 -62.770506 -60.4155832 -62.6576458 -60.3960144 -62.6553353 -60.3959215 -62.6552072 -60.3955842 -62.6551387 -60.3955032 -62.6551719 -60.3951865 -62.6550772 -60.39514 -62.6550683 -60.395403 -62.6550936 -60.5003339 -62.7367061 -60.316726 -62.822685 -60.1612198 -62.8033516 -60.032927 -62.7651479 -59.8971983 -62.7249251 -59.7549268 -62.682415 -59.5788645 -62.6300803 -59.3678333 -62.5669816 -59.1567537 -62.5038319 -58.9418745 -62.4393518 -58.7344018 -62.3769982 -58.7339432 -62.3015143 -58.868564 -62.2136213 -58.9073289 -62.2038098 -58.7688384 -62.2947445 -58.8640419 -62.3903843 -59.1086799 -62.465192 -59.3539569 -62.5385836 -59.6050152 -62.6133813 -59.8532583 -62.6870576 -60.1034062 -62.7610866 -60.3195381 -62.8618264 -60.5019496 -62.9877339 -60.5926345 -62.9884673 -60.6483777 -63.0599101 -60.9531705 -63.0173647 -61.2385873 -62.9556441 -61.5242322 -62.905079 -61.8332374 -62.872376 -62.0370371 -62.8212517 -62.0652231 -62.7935785 -62.0960629 -62.7669398 -62.2277833 -62.7494406 -62.3640187 -62.7380169 -62.50047 -62.7256476 -62.6325985 -62.7154772 -62.7712653 -62.7057182 -62.9035444 -62.696247 -63.0348051 -62.6867264 -62.9445807 -62.6575652 -62.8377707 -62.6212845 -62.7226087 -62.5974846 -62.6168088 -62.5653022 -62.5327779 -62.5225199 -62.4486277 -62.4800674 -62.3478741 -62.4440564 -62.2405903 -62.4080209 -62.1411893 -62.3672469 -62.0385426 -62.329969 -61.936999 -62.2934997 -61.8317661 -62.2554378 -61.7229793 -62.2159611 -61.6150544 -62.1753134 -61.5036891 -62.1360829 -61.3962771 -62.0970391 -61.2928866 -62.0602422 -61.189729 -62.0224642 -61.0840331 -61.9839628 -60.980524 -61.9468744 -60.8769649 -61.9087677 -60.7742398 -61.8716604 -60.6717223 -61.8347437 -60.56921 -61.797487 -60.4674653 -61.7614958 -60.3635755 -61.7252139 -60.2529822 -61.691918 -60.1341452 -61.6725882 -60.028935 -61.639263 -59.9287816 -61.606052 -59.8161106 -61.5783382 -59.6936821 -61.5528482 -59.5720799 -61.526776 -59.5222928 -61.5143902 -59.5121045 -61.575045 -59.477418 -61.6373382 -59.4421681 -61.6993632 -59.4081667 -61.7600444 -59.4862041 -61.8011096 -59.6034449 -61.8308527 -59.7221693 -61.8549259 -59.8116052 -61.8172711 -59.8982879 -61.772187 -59.9837484 -61.7276575 -60.0691135 -61.6844885 -60.1503467 -61.6405922 -60.2384508 -61.5949856 -60.3251175 -61.5496981 -60.4133598 -61.5037592 -60.4996004 -61.4583373 -60.5873754 -61.4135028 -60.6754964 -61.3676048 -60.7630581 -61.32211 -60.8524715 -61.27577 -60.9462438 -61.2295138 -61.0314278 -61.1828155 -61.1202537 -61.1361752 -61.2107734 -61.0891058 -61.2958693 -61.0454012 -61.378346 -61.0007534 -61.4643633 -60.9569963 -61.549994 -60.9127762 -61.6371984 -60.8679143 -61.7464956 -60.8649965 -61.8692971 -60.8784843 -61.9907409 -60.8980191 -62.0906631 -60.9374849 -62.1891769 -60.9802555 -62.2883829 -61.0257695 -62.3794395 -61.070027 -62.39017 -61.1248721 -62.3152686 -61.1740359 -62.2276215 -61.2215881 -62.1390856 -61.269562 -62.0528577 -61.3171373 -61.9702237 -61.365994 -61.8888903 -61.4145398 -61.8056605 -61.4606704 -61.7191127 -61.5078346 -61.6330743 -61.554991 -61.5470355 -61.6023321 -61.4697787 -61.6521503 -61.4047535 -61.7047693 -61.3069571 -61.742333 -61.2117456 -61.7835804 -61.1228305 -61.83018 -61.0366124 -61.8766084 -60.9505362 -61.9217699 -60.8646637 -61.9679581 -60.7801916 -62.0139524 -60.7089749 -62.0626286 -60.7799023 -62.1082034 -60.8875557 -62.1440681 -61.0026876 -62.1802863 -61.1117897 -62.2150539 -61.220266 -62.250043 -61.3307953 -62.2839249 -61.4412242 -62.3184299 -61.5511308 -62.3532445 -61.661834 -62.3296369 -61.7555481 -62.2847231 -61.8473555 -62.2401239 -61.9368727 -62.1947682 -62.0255705 -62.1508825 -62.1152651 -62.1068113 -62.2044963 -62.0606267 -62.2907256 -62.016513 -62.376753 -61.9716677 -62.4710858 -61.9248107 -62.5565344 -61.8811124 -62.6403403 -61.836621 -62.7263569 -61.7924554 -62.8206292 -61.7447316 -62.873622 -61.7066808 -62.7752091 -61.739082 -62.65884 -61.766039 -62.5689 -61.8124107 -62.4815366 -61.8569812 -62.4004295 -61.9017901 -62.4790233 -61.9037672 -62.5739979 -61.8712813 -62.662702 -61.8247804 -62.7536012 -61.7785942 -62.8421461 -61.731515 -62.9306831 -61.6858965 -63.0193121 -61.6391586 -63.1101303 -61.5923318 -63.1992987 -61.5466249 -63.2877449 -61.5014829 -63.3754791 -61.4572746 -63.4763432 -61.4228205 -63.6005059 -61.4313647 -63.7136712 -61.4532214 -63.8063276 -61.4991507 -63.9010975 -61.5460905 -63.9922223 -61.5912902 -64.0858499 -61.638033 -64.1746761 -61.681216 -64.1784589 -61.7289934 -64.0924261 -61.7757981 -63.9899742 -61.8102402 -63.9196533 -61.8533433 -63.8544273 -61.9052987 -63.7644643 -61.9541454 -63.6755367 -62.0019822 -63.5866389 -62.0499944 -63.4971539 -62.0969276 -63.4116356 -62.1421369 -63.3272686 -62.1865507 -63.2431711 -62.2307698 -63.1614739 -62.273816 -63.0775137 -62.3175843 -62.9906975 -62.362679 -62.8970024 -62.4110087 -62.798895 -62.4616551 -62.7033485 -62.5113522 -62.6106237 -62.5580718 -62.5183901 -62.6051428 -62.4322075 -62.653023 -62.5096647 -62.7025095 -62.6069411 -62.750124 -62.6985101 -62.7951056 -62.7917893 -62.8415261 -62.88468 -62.8869134 -62.9821301 -62.9343871 -63.0755135 -62.9793701 -63.16714 -63.02422 -63.2624557 -63.0689448 -63.3530711 -63.1127381 -63.4485003 -63.1582679 -63.5604352 -63.141885 -63.65948 -63.1004508 -63.7586459 -63.0582758 -63.8647216 -63.0136437 -63.9636606 -62.9711831 -64.0654227 -62.9274234 -64.1646602 -62.8854926 -64.2627753 -62.8424185 -64.3622457 -62.7994939 -64.4569188 -62.7583677 -64.5538517 -62.715734 -64.6474384 -62.6719916 -64.7462351 -62.6310678 -64.8367404 -62.5864139 -64.7789964 -62.5293971 -64.6763896 -62.4884131 -64.5590376 -62.4574705 -64.4469583 -62.425917 -64.3414439 -62.3931423 -64.2298257 -62.3585426 -64.1130517 -62.3225128 -63.993261 -62.2850115 -63.8736372 -62.2476672 -63.7566948 -62.2118773 -63.6424994 -62.175311 -63.5301287 -62.1399447 -63.4167688 -62.1026265 -63.3011942 -62.0663711 -63.1875679 -62.0298068 -63.0745823 -61.9922172 -62.961771 -61.9561871 -62.8503285 -61.9200313 -62.7439502 -61.8852498 -62.6390504 -61.8509075 -62.5360186 -61.8165899 -62.4314934 -61.7815224 -62.3216946 -61.745044 -62.2139694 -61.7083651 -62.1037381 -61.672422 -62.0091572 -61.7100429 -61.9259132 -61.7619093 -61.8407661 -61.8148491 -61.7577656 -61.8661294 -61.6793458 -61.9148137 -61.6249914 -61.9676937 -61.6539655 -62.0255309 -61.7602717 -62.0657791 -61.8670105 -62.1059623 -61.9723889 -62.1448272 -62.0802968 -62.1854423 -62.186868 -62.2249981 -62.2949414 -62.2647677 -62.4018097 -62.305585 -62.508374 -62.3444543 -62.615273 -62.3843201 -62.7225047 -62.4241053 -62.8273514 -62.4621359 -62.9223603 -62.4939661 -62.9962677 -62.5074379 -63.0693954 -62.5201675 -63.1416422 -62.5312358 -63.09899 -62.5463445 -62.8197952 -62.5936793 -62.5312206 -62.6387476 -62.274216 -62.7112132 -62.0476376 -62.8022109 -61.8715685 -62.9235975 -61.5744591 -62.9578602 -61.2735528 -62.9137974 -60.9892194 -62.8410052 -60.7023082 -62.7712973 -60.4759233 -62.6833959 -60.4826961 -62.6907256 -60.4753573 -62.7627651 -60.3997395 -62.8202735 -60.287642 -62.8561183 -60.1721634 -62.8902137 -60.0582642 -62.9239232 -59.9388699 -62.9590701 -59.8107119 -62.9968361 -59.6978428 -63.0300541 -59.4517127 -63.1022537 -59.2160629 -63.1706852 -59.3722195 -63.2343468 -59.2615906 -63.1911612 -59.259389 -63.1905308 -59.2596278 -63.1907903 -59.2599195 -63.1908677 -59.2597278 -63.1905966 -59.2567172 -63.1898131 -59.2514102 -63.1900183 -59.3194019 -63.1888439 -59.5955517 -63.1298968 -59.738904 -63.1155624 -59.8820977 -63.1301764 -60.0744865 -63.1574253 -60.2905946 -63.1938092 -60.5710982 -63.2513619 -60.8836034 -63.2798581 -61.1918595 -63.3170566 -61.4660055 -63.3501396 -61.5396736 -63.3716281 -61.5252072 -63.3679626 -61.5311545 -63.3669399 -61.5368578 -63.3663906 -61.538819 -63.3660375 -61.5410836 -63.3668171 -61.5407947 -63.3679648 -61.5661468 -63.344967 -61.7025241 -63.2194103 -61.8122095 -63.0964164 -61.9120845 -62.9801887 -62.0024031 -62.8646198 -62.0591716 -62.7427966 -62.1198981 -62.617521 -62.1095449 -62.4967379 -62.1037325 -62.4076957 -62.2953698 -62.315345 -62.4869119 -62.2226606 -62.6753341 -62.1311402 -62.8627353 -62.0398122 -63.0149087 -61.9654731 -63.2002977 -61.8762941 -63.3875498 -61.7824894 -63.5833584 -61.6860319 -63.7673979 -61.6082586 -63.8814431 -61.706038 -64.0119699 -61.8055941 -64.0101143 -61.8051092 -64.0087261 -61.8045667 -64.0108192 -61.804697 -64.0105622 -61.8048618 -64.0102639 -61.8031876 -64.0083309 -61.8029064 -64.005307 -61.8010695 -64.0032184 -61.8010542 -63.9887026 -61.7976296 -63.9205774 -61.8626611 -63.829474 -61.9189283 -63.7242228 -61.9743641 -63.6278447 -62.0268538 -63.5234352 -62.0819323 -63.5016041 -62.1184332 -63.5936989 -62.1564339 -63.7047418 -62.2019461 -63.6032593 -62.171694 -63.4992948 -62.1468638 -63.3900145 -62.1108108 -63.4555243 -62.1027702 -63.5115101 -62.1170183 -63.5962655 -62.1357077 -63.4980309 -62.1227836 -63.489931 -62.1120794 -63.55481 -62.1180241 -63.6229821 -62.1258236 -63.6364132 -62.1423152 -63.5120774 -62.1216206 -63.4522617 -62.1122514 -63.5126546 -62.1121747 -63.5781993 -62.1166645 -63.6426929 -62.1274696 -63.5538185 -62.1178861 -63.4689858 -62.1086698 -63.5440637 -62.1223459 -63.5836207 -62.120818 -63.4824791 -62.1037707 -63.4830744 -62.1035046 -63.4840269 -62.1037835 -63.4846468 -62.10398 -63.483667 -62.1039402 -63.4833273 -62.1037833 -63.4832927 -62.1038655 -63.4835061 -62.1039481 -63.4832629 -62.1053558 -63.4822234 -62.1033753 -63.5394259 -62.0701432 -63.7044973 -61.9802941 -63.8758615 -61.8889642 -64.0101621 -61.8059402 -64.0109812 -61.8050811 -64.0102715 -61.8057093 -64.0123752 -61.8049989 -64.0108158 -61.8051729 -64.0127955 -61.8051309 -64.0132333 -61.8048995 -64.0142865 -61.8046634 -64.0127484 -61.8054588 -63.9150869 -61.8262657 -63.7723906 -61.8573123 -63.6308264 -61.8884306 -63.4917508 -61.9205191 -63.3435311 -61.9518509 -63.1932411 -61.9844911 -63.0541303 -62.0149187 -62.8973693 -62.0489992 -62.6743158 -62.1195679 -62.5788235 -62.2253778 -62.4835383 -62.3303351 -62.3886645 -62.4360535 -62.4432039 -62.3755622 -62.4522899 -62.3740034 -62.4588525 -62.3712448 -62.3625393 -62.4585581 -62.2258728 -62.586522 -62.0899899 -62.7159205 -61.9543483 -62.8528945 -61.7633874 -62.9204616 -61.5128257 -62.9669859 -61.2729593 -62.925033 -61.0479803 -62.8997687 -60.8372488 -62.8717552 -60.6250399 -62.8555721 -60.4172429 -62.8293703 -60.2324503 -62.8190583 -60.1164817 -62.8044707 -60.0066509 -62.7881082 -59.8958779 -62.772239 -59.7807269 -62.7552296 -59.6669677 -62.7392427 -59.5550672 -62.7230188 -59.4471421 -62.7075298 -59.3367936 -62.6914437 -59.1769744 -62.6687663 -58.9957688 -62.6435983 -58.8143092 -62.6157089 -58.6138605 -62.586506 -58.4217155 -62.5585762 -58.3334724 -62.639628 -58.2487311 -62.7275089 -58.1232739 -62.7810955 -57.9635938 -62.7597094 -57.7618615 -62.7329966 -57.5669408 -62.7069343 -57.3657249 -62.6919106 -57.2208753 -62.6292288 -57.0600309 -62.5726907 -57.0663917 -62.5064982 -57.1792423 -62.4445803 -57.2961846 -62.3709851 -57.0901111 -62.3956053 -57.1878979 -62.460958 -57.3288415 -62.5265106 -57.421249 -62.5697615 -57.5080393 -62.610143 -57.6223025 -62.6629234 -57.7343127 -62.7131629 -57.8248272 -62.7325723 -57.8769135 -62.6868184 -57.9278887 -62.6386205 -57.9794071 -62.5943401 -58.0295202 -62.5487528 -58.0873073 -62.5038691 -58.1626399 -62.4782989 -58.2559983 -62.493795 -58.3555464 -62.5154613 -58.4408157 -62.5457259 -58.3904114 -62.6481305 -58.3112718 -62.7423503 -58.2401317 -62.8279339 -58.3147036 -62.8459025 -58.4064549 -62.8473191 -58.4819421 -62.8216661 -58.5554717 -62.7845229 -58.6311973 -62.747229 -58.7312395 -62.6993928 -58.8483094 -62.6888717 -58.9766469 -62.7211689 -59.047205 -62.7783429 -58.8223383 -62.8472576 -58.6194681 -62.8544409 -58.5274853 -62.7865634 -58.4429402 -62.7274917 -58.3607178 -62.6706494 -58.2476113 -62.6385704 -58.1111381 -62.6296193 -57.9887381 -62.6131608 -57.8594754 -62.5998642 -57.7197745 -62.5852296 -57.5452614 -62.5682481 -57.2666486 -62.5401858 -57.0446099 -62.5166365 -57.04921 -62.5209251 -57.0540478 -62.5213406 -57.0554955 -62.5224109 -57.052808 -62.5200577 -57.0772147 -62.5199444 -57.3877335 -62.5538416 -57.704663 -62.5843429 -58.0215755 -62.6162676 -58.3252086 -62.6474215 -58.3322212 -62.648321 -58.3317375 -62.6484169 -58.3319357 -62.6486302 -58.3339331 -62.6477027 -58.5703211 -62.6156191 -58.867433 -62.5766289 -59.1546356 -62.5390289 -59.4343784 -62.5024605 -59.6195678 -62.4568268 -59.6572514 -62.4434504 -59.6584013 -62.4451715 -59.6571809 -62.4452263 -59.6585132 -62.4451712 -59.65721 -62.4443644 -59.6583452 -62.4434349 -59.6786768 -62.4595393 -59.6854342 -62.4663805 -59.4962719 -62.4922987 -59.2104507 -62.4594446 -58.9031895 -62.4040471 -58.7513175 -62.3075217 -58.8534652 -62.2210527 -58.9338875 -62.201936 -58.8544444 -62.2167997 -58.8430126 -62.2296532 -58.8417468 -62.2292653 -58.861946 -62.2106972 -58.9336394 -62.2019261 -58.8806098 -62.2043384 -58.925751 -62.2018225 -58.9240512 -62.2028974 -58.8268626 -62.2343437 -58.6583753 -62.3524362 -58.3451276 -62.2888966 -58.0368987 -62.2246117 -57.7266813 -62.1598336 -57.4233295 -62.0963099 -57.2595172 -62.0619228 -57.1099166 -62.0305206 -57.0125072 -61.9979402 -57.055213 -61.9332953 -57.0970777 -61.8685702 -57.1406029 -61.8014912 -57.1868162 -61.7324987 -57.2371447 -61.6691727 -57.3880379 -61.6644422 -57.5989027 -61.6585772 -57.8208457 -61.6519611 -57.9734479 -61.6479321 -58.0867602 -61.6452441 -58.1562777 -61.6433222 -58.0987976 -61.6448951 -58.036135 -61.6478852 -58.0476721 -61.6463045 -58.1762291 -61.6427428 -58.308256 -61.6393147 -58.4121522 -61.636568 -58.5275816 -61.6314495 -58.5929014 -61.5725243 -58.5910712 -61.5163659 -58.5269664 -61.5548086 -58.4744391 -61.605721 -58.4875442 -61.6416267 -58.5585596 -61.6070102 -58.6026118 -61.5624201 -58.6597758 -61.5043168 -58.7148171 -61.4466361 -58.7718025 -61.3890719 -58.829645 -61.3301964 -58.8830447 -61.2737271 -58.9379867 -61.2173228 -58.9932721 -61.1593412 -59.0517605 -61.0990364 -59.1071563 -61.0413302 -59.1659635 -60.9807412 -59.2238168 -60.9203778 -59.2792565 -60.8618006 -59.3343906 -60.8044897 -59.3899632 -60.7451762 -59.451097 -60.6826778 -59.5099062 -60.6202692 -59.5674687 -60.5598498 -59.6090027 -60.4987895 -59.4914114 -60.4667421 -59.3726094 -60.4390887 -59.2563527 -60.4111548 -59.1394226 -60.3837617 -59.016671 -60.3550252 -58.8958954 -60.3262354 -58.7714182 -60.2967091 -58.6618346 -60.2705302 -58.5488063 -60.2439725 -58.4333527 -60.2163179 -58.3401371 -60.2358433 -58.279949 -60.2880562 -58.2119385 -60.3465825 -58.1432907 -60.4055473 -58.0785678 -60.4609742 -58.0119345 -60.5177427 -57.9450001 -60.5731692 -57.880618 -60.6280048 -57.8177281 -60.6821184 -57.7563473 -60.7355993 -57.691038 -60.7894804 -57.6290111 -60.8431585 -57.565845 -60.8955679 -57.5034851 -60.9480194 -57.4410464 -61.0008865 -57.3767414 -61.0556189 -57.3111474 -61.1100194 -57.2460237 -61.1644953 -57.1836475 -61.2164012 -57.2183325 -61.2565797 -57.3269946 -61.2805753 -57.4405952 -61.3048642 -57.5590718 -61.3306985 -57.6813148 -61.3571965 -57.7976065 -61.381416 -57.9108651 -61.3954015 -57.9661134 -61.3397312 -58.0230041 -61.2832892 -58.0817167 -61.2262496 -58.1378298 -61.170007 -58.1935621 -61.1145433 -58.2491347 -61.059707 -58.3041041 -61.0043598 -58.3583802 -60.9497285 -58.4126966 -60.89549 -58.4670776 -60.840344 -58.5185288 -60.7894962 -58.5721163 -60.7354665 -58.6252309 -60.6818755 -58.6235098 -60.644996 -58.6056304 -60.6933727 -58.5977039 -60.7344697 -58.5880316 -60.7728507 -58.5330374 -60.8336751 -58.3409213 -60.9552932 -58.1448402 -61.0798369 -57.9477956 -61.2071641 -57.745548 -61.3374485 -57.5408002 -61.4685702 -57.3266931 -61.604557 -57.1722151 -61.7528025 -57.0629994 -61.8990204 -57.0272178 -62.0130346 -57.2383474 -62.0582246 -57.4702864 -62.1062085 -57.6678686 -62.1521661 -57.8005878 -62.1819039 -57.9435366 -62.2060036 -58.0794352 -62.2335563 -58.2144554 -62.2588425 -58.3425145 -62.2884212 -58.4695657 -62.3148046 -58.5866745 -62.3391692 -58.7220584 -62.3732732 -58.9477595 -62.441095 -59.1748828 -62.5095888 -59.3915236 -62.5740855 -59.6165241 -62.6416667 -59.8158302 -62.7201918 -60.0742322 -62.7668849 -60.2920756 -62.8214822 -60.2999715 -62.8852627 -60.3051756 -62.9215385 -60.4334069 -62.8352602 -60.3716826 -62.8842088 -60.3520927 -62.896279 -60.4342716 -62.8209359 -60.5313121 -62.7945505 -60.6870761 -62.7746042 -60.9005962 -62.741904 -61.0611596 -62.6855232 -61.0621724 -62.6858412 -61.0631521 -62.6834864 -61.0585606 -62.6820266 -61.0525521 -62.6840732 -60.9727375 -62.7320839 -60.8365494 -62.7729324 -60.7404328 -62.8055008 -60.6384166 -62.8373569 -60.5208088 -62.8660467 -60.4421502 -62.9051884 -60.4479301 -62.9641854 -60.439017 -62.9119513 -60.4385129 -62.9157423 -60.4518403 -62.9654037 -60.4303593 -62.9168141 -60.4817339 -62.9766856 -60.6722204 -62.9706074 -60.6721023 -62.9711339 -60.6718355 -62.9707464 -60.6717894 -62.9703156 -60.6719046 -62.9708198 -60.671946 -62.970809 -60.5847693 -62.990582 -60.4351823 -62.897248 -60.5007238 -62.7673685 -60.4327912 -62.6547689 -60.3904882 -62.6536416 -60.3907535 -62.6545987 -60.3906557 -62.6538631 -60.3907698 -62.6534324 -60.3913855 -62.6540673 -60.3911225 -62.6531548 -60.3907709 -62.6543867 -60.3914705 -62.6538846 -60.3907019 -62.6540421 -60.3909346 -62.6532874 -60.3909783 -62.6541357 -60.3907041 -62.6537763 -60.3907472 -62.6534264 -60.3914918 -62.6529096 -60.3912679 -62.6529844 -60.3910737 -62.6528496 -60.3912 -62.6529093 -60.3909267 -62.6530957 -60.3914773 -62.6527784 -60.3906198 -62.653752 -60.3908163 -62.6530917 -60.3906524 -62.6532967 -60.390797 -62.6532414 -60.3910868 -62.6530589 -60.3907208 -62.6533315 -60.3908243 -62.6532107 -60.3912995 -62.653068 -60.4263338 -62.6575093 -60.6659543 -62.7161172 -60.9467439 -62.7290749 -61.0666502 -62.6882782 -61.062356 -62.6837178 -60.876022 -62.7389153 -60.5889916 -62.695022 -60.4170577 -62.6516471 -60.3935671 -62.6549053 -60.3936258 -62.6547318 -60.3932689 -62.6547339 -60.3934888 -62.6545374 -60.3943698 -62.6546996 -60.3952801 -62.6546778 -60.3948788 -62.6546803 -60.3934025 -62.654856 -60.392563 -62.6548302 -60.3926633 -62.6546675 -60.3924904 -62.6542866 -60.392671 -62.6541489 -60.3933877 -62.6538061 -60.3926157 -62.6541985 -60.3928995 -62.6540762 -60.3932736 -62.653957 -60.392552 -62.6542745 -60.39276 -62.6543304 -60.3925482 -62.6542965 -60.3930651 -62.6544081 -60.4414188 -62.6561904 -60.4464336 -62.6575072 -60.4470057 -62.657219 -60.4860165 -62.6866316 -60.4387471 -62.8202436 -60.226565 -62.8188125 -60.0991791 -62.7835644 -59.9716193 -62.7462311 -59.8379226 -62.7086907 -59.7139477 -62.6710343 -59.5816866 -62.6306955 -59.4485002 -62.5909566 -59.320123 -62.552644 -59.1994118 -62.5163579 -59.0738357 -62.4790527 -58.9461288 -62.4402472 -58.7830829 -62.3929208 -58.6925225 -62.330666 -58.8015141 -62.2546513 -58.9333194 -62.2019836 -58.9382776 -62.2029091 -58.9385099 -62.2026939 -58.9384384 -62.2027591 -58.9378846 -62.2027627 -58.9386007 -62.2026273 -58.9390141 -62.2027049 -58.9375372 -62.2028593 -58.9385669 -62.2027822 -58.9376857 -62.202492 -58.938193 -62.2025538 -58.9385234 -62.2026367 -58.9376605 -62.2027051 -58.9373303 -62.2027027 -58.9368381 -62.2026437 -58.9366904 -62.2026489 -58.936024 -62.2025857 -58.9361668 -62.2026327 -58.9359277 -62.2023101 -58.9354492 -62.2023795 -58.9348488 -62.202074 -58.9352578 -62.2015707 -58.9350977 -62.2019612 -58.9353419 -62.2024481 -58.9351079 -62.2022512 -58.9354641 -62.2025301 -58.9357706 -62.2024654 -58.9351196 -62.201836 -58.934969 -62.2023297 -58.9349976 -62.2021605 -58.9353634 -62.2014993 -58.9351477 -62.2023126 -58.9350552 -62.2022701 -58.9350897 -62.202352 -58.934984 -62.2020684 -58.9350396 -62.2020264 -58.9353326 -62.2019774 -58.9354084 -62.2016969 -58.9351999 -62.2023409 -58.9354591 -62.2019534 -58.9352814 -62.2017026 -58.9352529 -62.2019534 -58.9354061 -62.2014631 -58.9351103 -62.2018093 -58.9357243 -62.2014913 -58.9358023 -62.2016233 -58.9353151 -62.2014498 -58.9355329 -62.2020024 -58.9351439 -62.2018224 -58.9352553 -62.2015617 -58.9350285 -62.2016405 -58.9350841 -62.2016943 -58.9351123 -62.2014656 -58.9353217 -62.2018995 -58.9350457 -62.2015891 -58.9351652 -62.2010765 -58.9349479 -62.2017146 -58.9350646 -62.2011985 -58.9349789 -62.2014993 -58.9352234 -62.2018 -58.9349701 -62.201474 -58.9375174 -62.2017319 -58.7524642 -62.2873229 -58.7517588 -62.3842362 -58.9605335 -62.4463664 -59.2145908 -62.5210985 -59.4629673 -62.5955259 -59.7288549 -62.6755224 -59.9912693 -62.7529878 -60.2579858 -62.8203098 -60.4825236 -62.7480381 -60.3927695 -62.654881 -60.39304 -62.6519892 -60.4561692 -62.6712747 -60.4992725 -62.7152394 -60.5004779 -62.7614101 -60.4763252 -62.8078838 -60.4666322 -62.8549822 -60.4433711 -62.9001694 -60.4488207 -62.9411824 -60.443921 -62.9532653 -60.441067 -62.9440854 -60.4320571 -62.9355964 -60.4743554 -62.9800609 -60.6689724 -62.9700949 -60.6642438 -62.967548 -60.5614316 -63.0490436 -60.8803759 -63.031995 -61.2005497 -62.9637172 -61.5165426 -62.9061782 -61.8322917 -62.8694374 -61.9693669 -62.7668692 -62.1187521 -62.629951 -62.1622473 -62.4917237 -62.222657 -62.3976092 -62.2880316 -62.2955427 -62.3296648 -62.2299584 -62.3699041 -62.1668941 -62.4388367 -62.0584599 -62.4946956 -61.969886 -62.5448969 -61.8903369 -62.5958002 -61.8095191 -62.6468711 -61.7281268 -62.7023814 -61.6393194 -62.7595937 -61.5475498 -62.8183546 -61.452807 -62.8763508 -61.3595783 -62.9278443 -61.2761873 -62.9800373 -61.1916925 -63.0625432 -61.0571362 -63.1455126 -60.9212164 -63.2274198 -60.7872286 -63.3116058 -60.6481579 -63.399134 -60.503312 -63.4849162 -60.3603739 -63.5719434 -60.2149761 -63.6603333 -60.0667774 -63.753388 -59.9219498 -63.8488273 -59.7821982 -63.9448515 -59.6406905 -64.0374074 -59.5038361 -64.1327695 -59.362463 -64.2256682 -59.2238395 -64.3171435 -59.0869452 -64.4078254 -58.9506374 -64.4986122 -58.8136776 -64.5930565 -58.6707181 -64.689371 -58.5241392 -64.7819599 -58.3826866 -64.8770876 -58.236889 -64.9694081 -58.0946022 -65.0588498 -57.9564081 -65.1473905 -57.8188782 -65.2315504 -57.6879208 -65.3154834 -57.5565623 -65.4036138 -57.4182323 -65.4938143 -57.2762006 -65.5862749 -57.1300654 -65.6797065 -56.9816459 -65.7774028 -56.8259054 -65.8758043 -56.6681738</gml:posList>
                                 </gml:LineString>
                              </gml:curveMember>
                           </gml:MultiCurve>
                        </gmd:polygon>
                     </gmd:EX_BoundingPolygon>
                  </gmd:geographicElement>
                  <gmd:temporalElement>
                     <gmd:EX_TemporalExtent>
                        <gmd:extent>
                           <gml:TimePeriod gml:id="mik3.8.2">
                              <gml:beginPosition>2024-01-17T00:00:00</gml:beginPosition>
                              <gml:endPosition>2024-05-24T00:00:00</gml:endPosition>
                           </gml:TimePeriod>
                        </gmd:extent>
                     </gmd:EX_TemporalExtent>
                  </gmd:temporalElement>
               </gmd:EX_Extent>
            </gmd:extent>
         </sdn:SDN_DataIdentification>
      </gmd:identificationInfo>
      <gmd:distributionInfo>
         <gmd:MD_Distribution>
            <gmd:distributionFormat>
               <gmd:MD_Format>
                  <gmd:name>
                     <sdn:SDN_FormatNameCode codeSpace="SeaDataNet" codeListValue="ODV" codeList="https://vocab.nerc.ac.uk/isoCodelists/sdnCodelists/cdicsrCodeList.xml#SDN_FormatNameCode">Ocean Data View ASCII input</sdn:SDN_FormatNameCode>
                  </gmd:name>
                  <gmd:version>
                     <gco:CharacterString>0.4</gco:CharacterString>
                  </gmd:version>
               </gmd:MD_Format>
            </gmd:distributionFormat>
            <gmd:distributor>
               <gmd:MD_Distributor>
                  <gmd:distributorContact>
                     <gmd:CI_ResponsibleParty>
                        <gmd:organisationName>
                           <sdn:SDN_EDMOCode codeList="https://edmo.seadatanet.org/isocodelists/edmo-edmerp-codelists.xml#SDN_EDMOCode" codeSpace="SeaDataNet" codeListValue="2489">CSIC, Marine Technology Unit (CSIC-UTM)</sdn:SDN_EDMOCode>
                        </gmd:organisationName>
                        <gmd:contactInfo>
                           <gmd:CI_Contact>
                              <gmd:phone>
                                 <gmd:CI_Telephone>
                                    <gmd:voice>
                                       <gco:CharacterString>+34 932 309500</gco:CharacterString>
                                    </gmd:voice>
                                    <gmd:facsimile>
                                       <gco:CharacterString>+34 932 309555</gco:CharacterString>
                                    </gmd:facsimile>
                                 </gmd:CI_Telephone>
                              </gmd:phone>
                              <gmd:address>
                                 <gmd:CI_Address>
                                    <gmd:deliveryPoint>
                                       <gco:CharacterString>Paseo Maritimo de la Barceloneta, 37-49 </gco:CharacterString>
                                    </gmd:deliveryPoint>
                                    <gmd:city>
                                       <gco:CharacterString>Barcelona</gco:CharacterString>
                                    </gmd:city>
                                    <gmd:postalCode>
                                       <gco:CharacterString>08003</gco:CharacterString>
                                    </gmd:postalCode>
                                    <gmd:country>
                                       <sdn:SDN_CountryCode codeSpace="SeaDataNet" codeListValue="ES" codeList="https://vocab.nerc.ac.uk/isoCodelists/sdnCodelists/cdicsrCodeList.xml#SDN_CountryCode">Spain</sdn:SDN_CountryCode>
                                    </gmd:country>
                                    <gmd:electronicMailAddress>
                                       <gco:CharacterString>info@utm.csic.es</gco:CharacterString>
                                    </gmd:electronicMailAddress>
                                 </gmd:CI_Address>
                              </gmd:address>
                              <gmd:onlineResource>
                                 <gmd:CI_OnlineResource>
                                    <gmd:linkage>
                                       <gmd:URL>http://www.utm.csic.es/</gmd:URL>
                                    </gmd:linkage>
                                 </gmd:CI_OnlineResource>
                              </gmd:onlineResource>
                           </gmd:CI_Contact>
                        </gmd:contactInfo>
                        <gmd:role>
                           <gmd:CI_RoleCode codeList="https://vocab.nerc.ac.uk/isoCodelists/sdnCodelists/gmxCodeLists.xml#CI_RoleCode" codeListValue="distributor" codeSpace="ISOTC211/19115">distributor</gmd:CI_RoleCode>
                        </gmd:role>
                     </gmd:CI_ResponsibleParty>
                  </gmd:distributorContact>
               </gmd:MD_Distributor>
            </gmd:distributor>
            <gmd:transferOptions>
               <gmd:MD_DigitalTransferOptions>
                  <gmd:onLine>
                     <gmd:CI_OnlineResource>
                        <gmd:linkage>
                           <gmd:URL>http://www.sdn-taskmanager.org/</gmd:URL>
                        </gmd:linkage>
                        <gmd:protocol>
                           <gco:CharacterString>HTTP-DOWNLOAD</gco:CharacterString>
                        </gmd:protocol>
                        <gmd:function>
                           <gmd:CI_OnLineFunctionCode codeList="https://vocab.nerc.ac.uk/isoCodelists/sdnCodelists/gmxCodeLists.xml#CI_OnLineFunctionCode" codeListValue="downloadRegistration" codeSpace="SeaDataNet">web data access with registration</gmd:CI_OnLineFunctionCode>
                        </gmd:function>
                     </gmd:CI_OnlineResource>
                  </gmd:onLine>
               </gmd:MD_DigitalTransferOptions>
            </gmd:transferOptions>
         </gmd:MD_Distribution>
      </gmd:distributionInfo>
      <gmd:dataQualityInfo>
         <gmd:DQ_DataQuality>
            <gmd:scope>
               <gmd:DQ_Scope>
                  <gmd:level>
                     <gmd:MD_ScopeCode codeList="https://vocab.nerc.ac.uk/isoCodelists/sdnCodelists/gmxCodeLists.xml#MD_ScopeCode" codeListValue="dataset" codeSpace="ISOTC211/19115">dataset</gmd:MD_ScopeCode>
                  </gmd:level>
               </gmd:DQ_Scope>
            </gmd:scope>
            <gmd:report>
               <gmd:DQ_DomainConsistency>
                  <gmd:result>
                     <gmd:DQ_ConformanceResult>
                        <gmd:specification>
                           <gmd:CI_Citation>
                              <gmd:title>
                                 <gco:CharacterString>COMMISSION REGULATION (EU) No 1089/2010 of 23 November 2010 implementing Directive 2007/2/EC of the European Parliament and of the Council as regards interoperability of spatial data sets and services</gco:CharacterString>
                              </gmd:title>
                              <gmd:date>
                                 <gmd:CI_Date>
                                    <gmd:date>
                                       <gco:Date>2010-12-08</gco:Date>
                                    </gmd:date>
                                    <gmd:dateType>
                                       <gmd:CI_DateTypeCode codeList="https://vocab.nerc.ac.uk/isoCodelists/sdnCodelists/gmxCodeLists.xml#CI_DateTypeCode" codeListValue="publication" codeSpace="ISOTC211/19115">publication</gmd:CI_DateTypeCode>
                                    </gmd:dateType>
                                 </gmd:CI_Date>
                              </gmd:date>
                           </gmd:CI_Citation>
                        </gmd:specification>
                        <gmd:explanation>
                           <gco:CharacterString>See the referenced specification</gco:CharacterString>
                        </gmd:explanation>
                        <gmd:pass>
                           <gco:Boolean>true</gco:Boolean>
                        </gmd:pass>
                     </gmd:DQ_ConformanceResult>
                  </gmd:result>
               </gmd:DQ_DomainConsistency>
            </gmd:report>
            <gmd:report>
               <gmd:DQ_DomainConsistency>
                  <gmd:result>
                     <gmd:DQ_ConformanceResult>
                        <gmd:specification>
                           <gmd:CI_Citation>
                              <gmd:title>
                                 <gco:CharacterString>COMMISSION REGULATION (EC) No 1205/2008 of 3 December 2008 implementing Directive 2007/2/EC of the European Parliament and of the Council as regards metadata</gco:CharacterString>
                              </gmd:title>
                              <gmd:date>
                                 <gmd:CI_Date>
                                    <gmd:date>
                                       <gco:Date>2008-12-04</gco:Date>
                                    </gmd:date>
                                    <gmd:dateType>
                                       <gmd:CI_DateTypeCode codeList="https://vocab.nerc.ac.uk/isoCodelists/sdnCodelists/gmxCodeLists.xml#CI_DateTypeCode" codeListValue="publication" codeSpace="ISOTC211/19115">publication</gmd:CI_DateTypeCode>
                                    </gmd:dateType>
                                 </gmd:CI_Date>
                              </gmd:date>
                           </gmd:CI_Citation>
                        </gmd:specification>
                        <gmd:explanation>
                           <gco:CharacterString>See the referenced specification</gco:CharacterString>
                        </gmd:explanation>
                        <gmd:pass>
                           <gco:Boolean>true</gco:Boolean>
                        </gmd:pass>
                     </gmd:DQ_ConformanceResult>
                  </gmd:result>
               </gmd:DQ_DomainConsistency>
            </gmd:report>
            <gmd:lineage>
               <gmd:LI_Lineage>
                  <gmd:statement>
                     <gco:CharacterString>The data centres apply standard data quality control procedures on all data that the centres manage. Ask the data centre for details.</gco:CharacterString>
                  </gmd:statement>
               </gmd:LI_Lineage>
            </gmd:lineage>
         </gmd:DQ_DataQuality>
      </gmd:dataQualityInfo>
   </gmd:MD_Metadata>