<!-- this file has been created using MIKADO version 3.8.2 --><?xml-model href="https://schemas.seadatanet.org/Standards-Software/Metadata-formats/SDN_CDI_ISO19139_13.0.0.sch" type="application/xml" schematypens="http://purl.oclc.org/dsdl/schematron"?><gmd:MD_Metadata xmlns:gmd="http://www.isotc211.org/2005/gmd" xmlns:gmi="http://www.isotc211.org/2005/gmi" xmlns:srv="http://www.isotc211.org/2005/srv" xmlns:gco="http://www.isotc211.org/2005/gco" xmlns:gts="http://www.isotc211.org/2005/gts" xmlns:gmx="http://www.isotc211.org/2005/gmx" xmlns:xlink="http://www.w3.org/1999/xlink" xmlns:sdn="http://www.seadatanet.org" xmlns:gml="http://www.opengis.net/gml" xmlns:xsi="http://www.w3.org/2001/XMLSchema-instance" xsi:schemaLocation="http://www.seadatanet.org https://schemas.seadatanet.org/Standards-Software/Metadata-formats/SDN_CDI_ISO19139_13.0.0.xsd http://www.isotc211.org/2005/gmd http://schemas.opengis.net/iso/19139/20060504/gmd/gmd.xsd">
   <gmd:fileIdentifier>
      <gco:CharacterString>urn:SDN:CDI:LOCAL:29SG20240330_mbe</gco:CharacterString>
   </gmd:fileIdentifier>
   <gmd:language>
      <gmd:LanguageCode codeList="https://vocab.nerc.ac.uk/isoCodelists/sdnCodelists/gmxCodeLists.xml#LanguageCode" codeListValue="eng" codeSpace="ISOTC211/19115">English</gmd:LanguageCode>
   </gmd:language>
   <gmd:characterSet>
      <gmd:MD_CharacterSetCode codeList="https://vocab.nerc.ac.uk/isoCodelists/sdnCodelists/gmxCodeLists.xml#MD_CharacterSetCode" codeListValue="utf8" codeSpace="ISOTC211/19115">utf8</gmd:MD_CharacterSetCode>
   </gmd:characterSet>
   <gmd:hierarchyLevel>
      <gmd:MD_ScopeCode codeList="https://vocab.nerc.ac.uk/isoCodelists/sdnCodelists/gmxCodeLists.xml#MD_ScopeCode" codeListValue="dataset" codeSpace="ISOTC211/19115">dataset</gmd:MD_ScopeCode>
   </gmd:hierarchyLevel>
   <gmd:hierarchyLevelName>
      <sdn:SDN_HierarchyLevelNameCode codeList="https://vocab.nerc.ac.uk/isoCodelists/sdnCodelists/cdicsrCodeList.xml#SDN_HierarchyLevelNameCode" codeListValue="CDI" codeSpace="SeaDataNet">Common Data Index record</sdn:SDN_HierarchyLevelNameCode>
   </gmd:hierarchyLevelName>
   <gmd:contact>
      <gmd:CI_ResponsibleParty>
         <gmd:organisationName>
            <sdn:SDN_EDMOCode codeList="https://edmo.seadatanet.org/isocodelists/edmo-edmerp-codelists.xml#SDN_EDMOCode" codeSpace="SeaDataNet" codeListValue="2489">CSIC, Marine Technology Unit (CSIC-UTM)</sdn:SDN_EDMOCode>
         </gmd:organisationName>
         <gmd:contactInfo>
            <gmd:CI_Contact>
               <gmd:phone>
                  <gmd:CI_Telephone>
                     <gmd:voice>
                        <gco:CharacterString>+34 932 309500</gco:CharacterString>
                     </gmd:voice>
                     <gmd:facsimile>
                        <gco:CharacterString>+34 932 309555</gco:CharacterString>
                     </gmd:facsimile>
                  </gmd:CI_Telephone>
               </gmd:phone>
               <gmd:address>
                  <gmd:CI_Address>
                     <gmd:deliveryPoint>
                        <gco:CharacterString>Paseo Maritimo de la Barceloneta, 37-49 </gco:CharacterString>
                     </gmd:deliveryPoint>
                     <gmd:city>
                        <gco:CharacterString>Barcelona</gco:CharacterString>
                     </gmd:city>
                     <gmd:postalCode>
                        <gco:CharacterString>08003</gco:CharacterString>
                     </gmd:postalCode>
                     <gmd:country>
                        <sdn:SDN_CountryCode codeSpace="SeaDataNet" codeListValue="ES" codeList="https://vocab.nerc.ac.uk/isoCodelists/sdnCodelists/cdicsrCodeList.xml#SDN_CountryCode">Spain</sdn:SDN_CountryCode>
                     </gmd:country>
                     <gmd:electronicMailAddress>
                        <gco:CharacterString>info@utm.csic.es</gco:CharacterString>
                     </gmd:electronicMailAddress>
                  </gmd:CI_Address>
               </gmd:address>
               <gmd:onlineResource>
                  <gmd:CI_OnlineResource>
                     <gmd:linkage>
                        <gmd:URL>http://www.utm.csic.es/</gmd:URL>
                     </gmd:linkage>
                  </gmd:CI_OnlineResource>
               </gmd:onlineResource>
            </gmd:CI_Contact>
         </gmd:contactInfo>
         <gmd:role>
            <gmd:CI_RoleCode codeList="https://vocab.nerc.ac.uk/isoCodelists/sdnCodelists/gmxCodeLists.xml#CI_RoleCode" codeListValue="pointOfContact" codeSpace="ISOTC211/19115">pointOfContact</gmd:CI_RoleCode>
         </gmd:role>
      </gmd:CI_ResponsibleParty>
   </gmd:contact>
   <gmd:dateStamp>
      <gco:Date>2024-05-14</gco:Date>
   </gmd:dateStamp>
   <gmd:metadataStandardName>
      <gco:CharacterString>ISO 19115/SeaDataNet profile</gco:CharacterString>
   </gmd:metadataStandardName>
   <gmd:metadataStandardVersion>
      <gco:CharacterString>1.0</gco:CharacterString>
   </gmd:metadataStandardVersion>
   <gmd:spatialRepresentationInfo>
      <gmd:MD_VectorSpatialRepresentation>
         <gmd:geometricObjects>
            <gmd:MD_GeometricObjects>
               <gmd:geometricObjectType>
                  <gmd:MD_GeometricObjectTypeCode codeList="https://vocab.nerc.ac.uk/isoCodelists/sdnCodelists/gmxCodeLists.xml#MD_GeometricObjectTypeCode" codeListValue="curve" codeSpace="ISOTC211/19115">curve</gmd:MD_GeometricObjectTypeCode>
               </gmd:geometricObjectType>
            </gmd:MD_GeometricObjects>
         </gmd:geometricObjects>
      </gmd:MD_VectorSpatialRepresentation>
   </gmd:spatialRepresentationInfo>
   <gmd:spatialRepresentationInfo>
      <gmd:MD_GridSpatialRepresentation>
         <gmd:numberOfDimensions>
            <gco:Integer>0</gco:Integer>
         </gmd:numberOfDimensions>
         <gmd:cellGeometry>
            <gmd:MD_CellGeometryCode codeList="https://vocab.nerc.ac.uk/isoCodelists/sdnCodelists/gmxCodeLists.xml#MD_CellGeometryCode" codeListValue="point" codeSpace="ISOTC211/19115">point</gmd:MD_CellGeometryCode>
         </gmd:cellGeometry>
         <gmd:transformationParameterAvailability>
            <gco:Boolean>false</gco:Boolean>
         </gmd:transformationParameterAvailability>
      </gmd:MD_GridSpatialRepresentation>
   </gmd:spatialRepresentationInfo>
   <gmd:referenceSystemInfo>
      <gmd:MD_ReferenceSystem>
         <gmd:referenceSystemIdentifier>
            <gmd:RS_Identifier>
               <gmd:authority>
                  <gmd:CI_Citation>
                     <gmd:title>
                        <gco:CharacterString>SeaDataNet geographic co-ordinate reference frames</gco:CharacterString>
                     </gmd:title>
                     <gmd:alternateTitle>
                        <gco:CharacterString>L10</gco:CharacterString>
                     </gmd:alternateTitle>
                     <gmd:date>
                        <gmd:CI_Date>
                           <gmd:date>
                              <gco:Date>2011-03-03</gco:Date>
                           </gmd:date>
                           <gmd:dateType>
                              <gmd:CI_DateTypeCode codeList="https://vocab.nerc.ac.uk/isoCodelists/sdnCodelists/gmxCodeLists.xml#CI_DateTypeCode" codeListValue="revision" codeSpace="ISOTC211/19115">revision</gmd:CI_DateTypeCode>
                           </gmd:dateType>
                        </gmd:CI_Date>
                     </gmd:date>
                     <gmd:edition>
                        <gco:CharacterString>3</gco:CharacterString>
                     </gmd:edition>
                     <gmd:identifier>
                        <gmd:MD_Identifier>
                           <gmd:code>
                              <gco:CharacterString>https://www.seadatanet.org/urnurl/SDN:L10</gco:CharacterString>
                           </gmd:code>
                        </gmd:MD_Identifier>
                     </gmd:identifier>
                  </gmd:CI_Citation>
               </gmd:authority>
               <gmd:code>
                  <sdn:SDN_CRSCode codeList="https://vocab.nerc.ac.uk/isoCodelists/sdnCodelists/cdicsrCodeList.xml#SDN_CRSCode" codeListValue="4326" codeSpace="SeaDataNet">World Geodetic System 84</sdn:SDN_CRSCode>
               </gmd:code>
            </gmd:RS_Identifier>
         </gmd:referenceSystemIdentifier>
      </gmd:MD_ReferenceSystem>
   </gmd:referenceSystemInfo>
   <gmd:metadataExtensionInfo xlink:href="https://schemas.seadatanet.org/Standards-Software/Metadata-formats/cdiExtensionInformation.xml"/>
      <gmd:identificationInfo>
         <sdn:SDN_DataIdentification gco:isoType="MD_DataIdentification_Type">
            <gmd:citation>
               <gmd:CI_Citation>
                  <gmd:title>
                     <gco:CharacterString>PROTEUS multibeam data</gco:CharacterString>
                  </gmd:title>
                  <gmd:alternateTitle>
                     <gco:CharacterString>29SG20240330_mbe</gco:CharacterString>
                  </gmd:alternateTitle>
                  <gmd:date>
                     <gmd:CI_Date>
                        <gmd:date>
                           <gco:Date>2024-05-14</gco:Date>
                        </gmd:date>
                        <gmd:dateType>
                           <gmd:CI_DateTypeCode codeList="https://vocab.nerc.ac.uk/isoCodelists/sdnCodelists/gmxCodeLists.xml#CI_DateTypeCode" codeListValue="revision" codeSpace="ISOTC211/19115">revision</gmd:CI_DateTypeCode>
                        </gmd:dateType>
                     </gmd:CI_Date>
                  </gmd:date>
                  <gmd:identifier>
                     <gmd:MD_Identifier>
                        <gmd:code>
                           <gco:CharacterString>urn:SDN:CDI:LOCAL:29SG20240330_mbe</gco:CharacterString>
                        </gmd:code>
                     </gmd:MD_Identifier>
                  </gmd:identifier>
                  <gmd:citedResponsibleParty>
                     <gmd:CI_ResponsibleParty>
                        <gmd:organisationName>
                           <sdn:SDN_EDMOCode codeList="https://edmo.seadatanet.org/isocodelists/edmo-edmerp-codelists.xml#SDN_EDMOCode" codeSpace="SeaDataNet" codeListValue="280">CSIC, Institute of Marine Sciences (CSIC-ICM)</sdn:SDN_EDMOCode>
                        </gmd:organisationName>
                        <gmd:contactInfo>
                           <gmd:CI_Contact>
                              <gmd:address>
                                 <gmd:CI_Address>
                                    <gmd:deliveryPoint>
                                       <gco:CharacterString>Paseo Mar&#237;timo de la Barceloneta, 37-49</gco:CharacterString>
                                    </gmd:deliveryPoint>
                                    <gmd:city>
                                       <gco:CharacterString>Spain</gco:CharacterString>
                                    </gmd:city>
                                    <gmd:postalCode>
                                       <gco:CharacterString/>
                                    </gmd:postalCode>
                                    <gmd:country>
                                       <sdn:SDN_CountryCode codeSpace="SeaDataNet" codeListValue="99" codeList="https://vocab.nerc.ac.uk/isoCodelists/sdnCodelists/cdicsrCodeList.xml#SDN_CountryCode">Unknown</sdn:SDN_CountryCode>
                                    </gmd:country>
                                    <gmd:electronicMailAddress>
                                       <gco:CharacterString>secredir@icm.csic.es</gco:CharacterString>
                                    </gmd:electronicMailAddress>
                                 </gmd:CI_Address>
                              </gmd:address>
                           </gmd:CI_Contact>
                        </gmd:contactInfo>
                        <gmd:role>
                           <gmd:CI_RoleCode codeList="https://vocab.nerc.ac.uk/isoCodelists/sdnCodelists/gmxCodeLists.xml#CI_RoleCode" codeListValue="originator" codeSpace="ISOTC211/19115">originator</gmd:CI_RoleCode>
                        </gmd:role>
                     </gmd:CI_ResponsibleParty>
                  </gmd:citedResponsibleParty>
                  <gmd:citedResponsibleParty>
                     <gmd:CI_ResponsibleParty>
                        <gmd:organisationName>
                           <sdn:SDN_EDMOCode codeList="https://edmo.seadatanet.org/isocodelists/edmo-edmerp-codelists.xml#SDN_EDMOCode" codeSpace="SeaDataNet" codeListValue="2489">CSIC, Marine Technology Unit (CSIC-UTM)</sdn:SDN_EDMOCode>
                        </gmd:organisationName>
                        <gmd:contactInfo>
                           <gmd:CI_Contact>
                              <gmd:phone>
                                 <gmd:CI_Telephone>
                                    <gmd:voice>
                                       <gco:CharacterString>+34 932 309500</gco:CharacterString>
                                    </gmd:voice>
                                    <gmd:facsimile>
                                       <gco:CharacterString>+34 932 309555</gco:CharacterString>
                                    </gmd:facsimile>
                                 </gmd:CI_Telephone>
                              </gmd:phone>
                              <gmd:address>
                                 <gmd:CI_Address>
                                    <gmd:deliveryPoint>
                                       <gco:CharacterString>Paseo Maritimo de la Barceloneta, 37-49 </gco:CharacterString>
                                    </gmd:deliveryPoint>
                                    <gmd:city>
                                       <gco:CharacterString>Barcelona</gco:CharacterString>
                                    </gmd:city>
                                    <gmd:postalCode>
                                       <gco:CharacterString>08003</gco:CharacterString>
                                    </gmd:postalCode>
                                    <gmd:country>
                                       <sdn:SDN_CountryCode codeSpace="SeaDataNet" codeListValue="ES" codeList="https://vocab.nerc.ac.uk/isoCodelists/sdnCodelists/cdicsrCodeList.xml#SDN_CountryCode">Spain</sdn:SDN_CountryCode>
                                    </gmd:country>
                                    <gmd:electronicMailAddress>
                                       <gco:CharacterString>info@utm.csic.es</gco:CharacterString>
                                    </gmd:electronicMailAddress>
                                 </gmd:CI_Address>
                              </gmd:address>
                              <gmd:onlineResource>
                                 <gmd:CI_OnlineResource>
                                    <gmd:linkage>
                                       <gmd:URL>http://www.utm.csic.es/</gmd:URL>
                                    </gmd:linkage>
                                 </gmd:CI_OnlineResource>
                              </gmd:onlineResource>
                           </gmd:CI_Contact>
                        </gmd:contactInfo>
                        <gmd:role>
                           <gmd:CI_RoleCode codeList="https://vocab.nerc.ac.uk/isoCodelists/sdnCodelists/gmxCodeLists.xml#CI_RoleCode" codeListValue="originator" codeSpace="ISOTC211/19115">originator</gmd:CI_RoleCode>
                        </gmd:role>
                     </gmd:CI_ResponsibleParty>
                  </gmd:citedResponsibleParty>
               </gmd:CI_Citation>
            </gmd:citation>
            <gmd:abstract>
               <gco:CharacterString>Multibeam data acquired on board the R/V Sarmiento de Gamboa with an Atlas Hydrosweep DS-31 during the PROTEUS cruise.</gco:CharacterString>
            </gmd:abstract>
            <gmd:pointOfContact>
               <gmd:CI_ResponsibleParty>
                  <gmd:organisationName>
                     <sdn:SDN_EDMOCode codeList="https://edmo.seadatanet.org/isocodelists/edmo-edmerp-codelists.xml#SDN_EDMOCode" codeSpace="SeaDataNet" codeListValue="280">CSIC, Institute of Marine Sciences (CSIC-ICM)</sdn:SDN_EDMOCode>
                  </gmd:organisationName>
                  <gmd:contactInfo>
                     <gmd:CI_Contact>
                        <gmd:address>
                           <gmd:CI_Address>
                              <gmd:deliveryPoint>
                                 <gco:CharacterString>Paseo Mar&#237;timo de la Barceloneta, 37-49</gco:CharacterString>
                              </gmd:deliveryPoint>
                              <gmd:city>
                                 <gco:CharacterString>Spain</gco:CharacterString>
                              </gmd:city>
                              <gmd:country>
                                 <sdn:SDN_CountryCode codeSpace="SeaDataNet" codeListValue="99" codeList="https://vocab.nerc.ac.uk/isoCodelists/sdnCodelists/cdicsrCodeList.xml#SDN_CountryCode">Unknown</sdn:SDN_CountryCode>
                              </gmd:country>
                              <gmd:electronicMailAddress>
                                 <gco:CharacterString>secredir@icm.csic.es</gco:CharacterString>
                              </gmd:electronicMailAddress>
                           </gmd:CI_Address>
                        </gmd:address>
                     </gmd:CI_Contact>
                  </gmd:contactInfo>
                  <gmd:role>
                     <gmd:CI_RoleCode codeList="https://vocab.nerc.ac.uk/isoCodelists/sdnCodelists/gmxCodeLists.xml#CI_RoleCode" codeListValue="custodian" codeSpace="ISOTC211/19115">custodian</gmd:CI_RoleCode>
                  </gmd:role>
               </gmd:CI_ResponsibleParty>
            </gmd:pointOfContact>
            <gmd:resourceMaintenance>
               <gmd:MD_MaintenanceInformation>
                  <gmd:maintenanceAndUpdateFrequency>
                     <gmd:MD_MaintenanceFrequencyCode codeList="https://vocab.nerc.ac.uk/isoCodelists/sdnCodelists/gmxCodeLists.xml#MD_MaintenanceFrequencyCode" codeListValue="continual">continual</gmd:MD_MaintenanceFrequencyCode>
                  </gmd:maintenanceAndUpdateFrequency>
                  <gmd:userDefinedMaintenanceFrequency>
                     <gts:TM_PeriodDuration>P35D</gts:TM_PeriodDuration>
                  </gmd:userDefinedMaintenanceFrequency>
               </gmd:MD_MaintenanceInformation>
            </gmd:resourceMaintenance>
            <gmd:descriptiveKeywords>
               <gmd:MD_Keywords>
                  <gmd:keyword>
                     <gco:CharacterString>Oceanographic geographical features</gco:CharacterString>
                  </gmd:keyword>
                  <gmd:type>
                     <gmd:MD_KeywordTypeCode codeSpace="SeaDataNet" codeList="https://vocab.nerc.ac.uk/isoCodelists/sdnCodelists/gmxCodeLists.xml#MD_KeywordTypeCode" codeListValue="theme">theme</gmd:MD_KeywordTypeCode>
                  </gmd:type>
                  <gmd:thesaurusName>
                     <gmd:CI_Citation>
                        <gmd:title>
                           <gco:CharacterString>GEMET - INSPIRE themes, version 1.0</gco:CharacterString>
                        </gmd:title>
                        <gmd:date>
                           <gmd:CI_Date>
                              <gmd:date>
                                 <gco:Date>2008-06-01</gco:Date>
                              </gmd:date>
                              <gmd:dateType>
                                 <gmd:CI_DateTypeCode codeList="https://vocab.nerc.ac.uk/isoCodelists/sdnCodelists/gmxCodeLists.xml#CI_DateTypeCode" codeListValue="publication" codeSpace="ISOTC211/19115">publication</gmd:CI_DateTypeCode>
                              </gmd:dateType>
                           </gmd:CI_Date>
                        </gmd:date>
                     </gmd:CI_Citation>
                  </gmd:thesaurusName>
               </gmd:MD_Keywords>
            </gmd:descriptiveKeywords>
            <gmd:descriptiveKeywords>
               <gmd:MD_Keywords>
                  <gmd:keyword>
                     <sdn:SDN_ParameterDiscoveryCode codeSpace="SeaDataNet" codeListValue="MBAN" codeList="https://vocab.nerc.ac.uk/isoCodelists/sdnCodelists/cdicsrCodeList.xml#SDN_ParameterDiscoveryCode">Bathymetry and Elevation</sdn:SDN_ParameterDiscoveryCode>
                  </gmd:keyword>
                  <gmd:type>
                     <gmd:MD_KeywordTypeCode codeSpace="SeaDataNet" codeList="https://vocab.nerc.ac.uk/isoCodelists/sdnCodelists/gmxCodeLists.xml#MD_KeywordTypeCode" codeListValue="parameter">parameter</gmd:MD_KeywordTypeCode>
                  </gmd:type>
                  <gmd:thesaurusName>
                     <gmd:CI_Citation>
                        <gmd:title>
                           <gco:CharacterString>SeaDataNet Parameter Discovery Vocabulary</gco:CharacterString>
                        </gmd:title>
                        <gmd:alternateTitle>
                           <gco:CharacterString>P02</gco:CharacterString>
                        </gmd:alternateTitle>
                        <gmd:date>
                           <gmd:CI_Date>
                              <gmd:date>
                                 <gco:Date>2022-05-04</gco:Date>
                              </gmd:date>
                              <gmd:dateType>
                                 <gmd:CI_DateTypeCode codeList="https://vocab.nerc.ac.uk/isoCodelists/sdnCodelists/gmxCodeLists.xml#CI_DateTypeCode" codeListValue="revision" codeSpace="ISOTC211/19115">revision</gmd:CI_DateTypeCode>
                              </gmd:dateType>
                           </gmd:CI_Date>
                        </gmd:date>
                        <gmd:edition>
                           <gco:CharacterString>120</gco:CharacterString>
                        </gmd:edition>
                        <gmd:identifier>
                           <gmd:MD_Identifier>
                              <gmd:code>
                                 <gco:CharacterString>https://www.seadatanet.org/urnurl/SDN:P02</gco:CharacterString>
                              </gmd:code>
                           </gmd:MD_Identifier>
                        </gmd:identifier>
                     </gmd:CI_Citation>
                  </gmd:thesaurusName>
               <gmd:keyword><sdn:SDN_ParameterDiscoveryCode codeSpace="SeaDataNet" codeListValue="SDAC" codeList="https://vocab.nerc.ac.uk/isoCodelists/sdnCodelists/cdicsrCodeList.xml#SDN_ParameterDiscoveryCode">Sediment acoustics</sdn:SDN_ParameterDiscoveryCode></gmd:keyword><gmd:keyword><sdn:SDN_ParameterDiscoveryCode codeSpace="SeaDataNet" codeListValue="SVEL" codeList="https://vocab.nerc.ac.uk/isoCodelists/sdnCodelists/cdicsrCodeList.xml#SDN_ParameterDiscoveryCode">Sound velocity and travel time in the water column</sdn:SDN_ParameterDiscoveryCode></gmd:keyword><gmd:keyword><sdn:SDN_ParameterDiscoveryCode codeSpace="SeaDataNet" codeListValue="AYMD" codeList="https://vocab.nerc.ac.uk/isoCodelists/sdnCodelists/cdicsrCodeList.xml#SDN_ParameterDiscoveryCode">Date and time</sdn:SDN_ParameterDiscoveryCode></gmd:keyword></gmd:MD_Keywords>
            </gmd:descriptiveKeywords>
            <gmd:descriptiveKeywords>
               <gmd:MD_Keywords>
                  <gmd:keyword>
                     <sdn:SDN_SeaVoxDeviceCatalogueCode codeSpace="SeaDataNet" codeList="https://vocab.nerc.ac.uk/isoCodelists/sdnCodelists/cdicsrCodeList.xml#SDN_SeaVoxDeviceCatalogueCode" codeListValue="TOOL0911">Atlas Hydrographic Hydrosweep DS  multibeam echo sounder</sdn:SDN_SeaVoxDeviceCatalogueCode>
                  </gmd:keyword>
                  <gmd:type>
                     <gmd:MD_KeywordTypeCode codeSpace="SeaDataNet" codeList="https://vocab.nerc.ac.uk/isoCodelists/sdnCodelists/gmxCodeLists.xml#MD_KeywordTypeCode" codeListValue="sensor_model">sensor_model</gmd:MD_KeywordTypeCode>
                  </gmd:type>
                  <gmd:thesaurusName>
                     <gmd:CI_Citation>
                        <gmd:title>
                           <gco:CharacterString>SeaVoX Device Catalogue</gco:CharacterString>
                        </gmd:title>
                        <gmd:alternateTitle>
                           <gco:CharacterString>L22</gco:CharacterString>
                        </gmd:alternateTitle>
                        <gmd:date>
                           <gmd:CI_Date>
                              <gmd:date>
                                 <gco:Date>2022-05-18</gco:Date>
                              </gmd:date>
                              <gmd:dateType>
                                 <gmd:CI_DateTypeCode codeList="https://vocab.nerc.ac.uk/isoCodelists/sdnCodelists/gmxCodeLists.xml#CI_DateTypeCode" codeListValue="revision" codeSpace="ISOTC211/19115">revision</gmd:CI_DateTypeCode>
                              </gmd:dateType>
                           </gmd:CI_Date>
                        </gmd:date>
                        <gmd:edition>
                           <gco:CharacterString>561</gco:CharacterString>
                        </gmd:edition>
                        <gmd:identifier>
                           <gmd:MD_Identifier>
                              <gmd:code>
                                 <gco:CharacterString>https://www.seadatanet.org/urnurl/SDN:L22</gco:CharacterString>
                              </gmd:code>
                           </gmd:MD_Identifier>
                        </gmd:identifier>
                     </gmd:CI_Citation>
                  </gmd:thesaurusName>
               </gmd:MD_Keywords>
            </gmd:descriptiveKeywords>
            <gmd:descriptiveKeywords>
               <gmd:MD_Keywords>
                  <gmd:keyword>
                     <sdn:SDN_DeviceCategoryCode codeSpace="SeaDataNet" codeListValue="157" codeList="https://vocab.nerc.ac.uk/isoCodelists/sdnCodelists/cdicsrCodeList.xml#SDN_DeviceCategoryCode">multi-beam echosounders</sdn:SDN_DeviceCategoryCode>
                  </gmd:keyword>
                  <gmd:type>
                     <gmd:MD_KeywordTypeCode codeSpace="SeaDataNet" codeList="https://vocab.nerc.ac.uk/isoCodelists/sdnCodelists/gmxCodeLists.xml#MD_KeywordTypeCode" codeListValue="instrument">instrument</gmd:MD_KeywordTypeCode>
                  </gmd:type>
                  <gmd:thesaurusName>
                     <gmd:CI_Citation>
                        <gmd:title>
                           <gco:CharacterString>SeaDataNet device categories</gco:CharacterString>
                        </gmd:title>
                        <gmd:alternateTitle>
                           <gco:CharacterString>L05</gco:CharacterString>
                        </gmd:alternateTitle>
                        <gmd:date>
                           <gmd:CI_Date>
                              <gmd:date>
                                 <gco:Date>2022-04-28</gco:Date>
                              </gmd:date>
                              <gmd:dateType>
                                 <gmd:CI_DateTypeCode codeList="https://vocab.nerc.ac.uk/isoCodelists/sdnCodelists/gmxCodeLists.xml#CI_DateTypeCode" codeListValue="revision" codeSpace="ISOTC211/19115">revision</gmd:CI_DateTypeCode>
                              </gmd:dateType>
                           </gmd:CI_Date>
                        </gmd:date>
                        <gmd:edition>
                           <gco:CharacterString>82</gco:CharacterString>
                        </gmd:edition>
                        <gmd:identifier>
                           <gmd:MD_Identifier>
                              <gmd:code>
                                 <gco:CharacterString>https://www.seadatanet.org/urnurl/SDN:L05</gco:CharacterString>
                              </gmd:code>
                           </gmd:MD_Identifier>
                        </gmd:identifier>
                     </gmd:CI_Citation>
                  </gmd:thesaurusName>
               </gmd:MD_Keywords>
            </gmd:descriptiveKeywords>
            <gmd:descriptiveKeywords>
               <gmd:MD_Keywords>
                  <gmd:keyword>
                     <sdn:SDN_PlatformCategoryCode codeSpace="SeaDataNet" codeListValue="31" codeList="https://vocab.nerc.ac.uk/isoCodelists/sdnCodelists/cdicsrCodeList.xml#SDN_PlatformCategoryCode">research vessel</sdn:SDN_PlatformCategoryCode>
                  </gmd:keyword>
                  <gmd:type>
                     <gmd:MD_KeywordTypeCode codeSpace="SeaDataNet" codeList="https://vocab.nerc.ac.uk/isoCodelists/sdnCodelists/gmxCodeLists.xml#MD_KeywordTypeCode" codeListValue="platform_class">platform_class</gmd:MD_KeywordTypeCode>
                  </gmd:type>
                  <gmd:thesaurusName>
                     <gmd:CI_Citation>
                        <gmd:title>
                           <gco:CharacterString>SeaVoX Platform Categories</gco:CharacterString>
                        </gmd:title>
                        <gmd:alternateTitle>
                           <gco:CharacterString>L06</gco:CharacterString>
                        </gmd:alternateTitle>
                        <gmd:date>
                           <gmd:CI_Date>
                              <gmd:date>
                                 <gco:Date>2021-03-25</gco:Date>
                              </gmd:date>
                              <gmd:dateType>
                                 <gmd:CI_DateTypeCode codeList="https://vocab.nerc.ac.uk/isoCodelists/sdnCodelists/gmxCodeLists.xml#CI_DateTypeCode" codeListValue="revision" codeSpace="ISOTC211/19115">revision</gmd:CI_DateTypeCode>
                              </gmd:dateType>
                           </gmd:CI_Date>
                        </gmd:date>
                        <gmd:edition>
                           <gco:CharacterString>17</gco:CharacterString>
                        </gmd:edition>
                        <gmd:identifier>
                           <gmd:MD_Identifier>
                              <gmd:code>
                                 <gco:CharacterString>https://www.seadatanet.org/urnurl/SDN:L06</gco:CharacterString>
                              </gmd:code>
                           </gmd:MD_Identifier>
                        </gmd:identifier>
                     </gmd:CI_Citation>
                  </gmd:thesaurusName>
               </gmd:MD_Keywords>
            </gmd:descriptiveKeywords>
            <gmd:resourceConstraints>
               <gmd:MD_Constraints>
                  <gmd:useLimitation>
                     <gco:CharacterString>Not applicable</gco:CharacterString>
                  </gmd:useLimitation>
               </gmd:MD_Constraints>
            </gmd:resourceConstraints>
            <gmd:resourceConstraints>
               <gmd:MD_LegalConstraints>
                  <gmd:accessConstraints>
                     <gmd:MD_RestrictionCode codeListValue="otherRestrictions" codeList="https://vocab.nerc.ac.uk/isoCodelists/sdnCodelists/gmxCodeLists.xml#MD_RestrictionCode">otherRestrictions</gmd:MD_RestrictionCode>
                  </gmd:accessConstraints>
                  <gmd:otherConstraints>
                     <gmx:Anchor xlink:href="https://www.seadatanet.org/urnurl/SDN:L08::RS">by negotiation</gmx:Anchor>
                  </gmd:otherConstraints>
               </gmd:MD_LegalConstraints>
            </gmd:resourceConstraints>
            <gmd:aggregationInfo>
               <gmd:MD_AggregateInformation>
                  <gmd:aggregateDataSetName>
                     <gmd:CI_Citation>
                        <gmd:title>
                           <gco:CharacterString>PROTEUS</gco:CharacterString>
                        </gmd:title>
                        <gmd:alternateTitle>
                           <gco:CharacterString>29SG20240330</gco:CharacterString>
                        </gmd:alternateTitle>
                        <gmd:date>
                           <gmd:CI_Date>
                              <gmd:date>
                                 <gco:Date>2024-03-30</gco:Date>
                              </gmd:date>
                              <gmd:dateType>
                                 <gmd:CI_DateTypeCode codeList="https://vocab.nerc.ac.uk/isoCodelists/sdnCodelists/gmxCodeLists.xml#CI_DateTypeCode" codeListValue="revision" codeSpace="ISOTC211/19115">revision</gmd:CI_DateTypeCode>
                              </gmd:dateType>
                           </gmd:CI_Date>
                        </gmd:date>
                     </gmd:CI_Citation>
                  </gmd:aggregateDataSetName>
                  <gmd:aggregateDataSetIdentifier>
                     <gmd:MD_Identifier>
                        <gmd:code>
                           <sdn:SDN_CSRCode codeListValue="21032728" codeList="https://csr.seadatanet.org/isoCodelists/csrCodeList.xml#SDN_CSRCode" codeSpace="SeaDataNet">PROTEUS - Sarmiento de Gamboa(29AH)</sdn:SDN_CSRCode>
                        </gmd:code>
                     </gmd:MD_Identifier>
                  </gmd:aggregateDataSetIdentifier>
                  <gmd:associationType>
                     <gmd:DS_AssociationTypeCode codeListValue="largerWorkCitation" codeList="https://vocab.nerc.ac.uk/isoCodelists/sdnCodelists/gmxCodeLists.xml#DS_AssociationTypeCode" codeSpace="ISOTC211/19115">largerWorkCitation</gmd:DS_AssociationTypeCode>
                  </gmd:associationType>
                  <gmd:initiativeType>
                     <gmd:DS_InitiativeTypeCode codeListValue="campaign" codeList="https://vocab.nerc.ac.uk/isoCodelists/sdnCodelists/gmxCodeLists.xml#DS_InitiativeTypeCode" codeSpace="ISOTC211/19115">campaign</gmd:DS_InitiativeTypeCode>
                  </gmd:initiativeType>
               </gmd:MD_AggregateInformation>
            </gmd:aggregationInfo>
            <gmd:spatialRepresentationType>
               <gmd:MD_SpatialRepresentationTypeCode codeList="https://vocab.nerc.ac.uk/isoCodelists/sdnCodelists/gmxCodeLists.xml#MD_SpatialRepresentationTypeCode" codeListValue="textTable">textTable</gmd:MD_SpatialRepresentationTypeCode>
            </gmd:spatialRepresentationType>
            <gmd:language>
               <gmd:LanguageCode codeList="https://vocab.nerc.ac.uk/isoCodelists/sdnCodelists/gmxCodeLists.xml#LanguageCode" codeListValue="eng" codeSpace="ISOTC211/19115">English</gmd:LanguageCode>
            </gmd:language>
            <gmd:characterSet>
               <gmd:MD_CharacterSetCode codeList="https://vocab.nerc.ac.uk/isoCodelists/sdnCodelists/gmxCodeLists.xml#MD_CharacterSetCode" codeListValue="utf8" codeSpace="ISOTC211/19115">utf8</gmd:MD_CharacterSetCode>
            </gmd:characterSet>
            <gmd:topicCategory>
               <gmd:MD_TopicCategoryCode>oceans</gmd:MD_TopicCategoryCode>
            </gmd:topicCategory>
            <gmd:extent>
               <gmd:EX_Extent>
                  <gmd:geographicElement>
                     <gmd:EX_GeographicBoundingBox>
                        <gmd:westBoundLongitude>
                           <gco:Decimal>-4.4201412</gco:Decimal>
                        </gmd:westBoundLongitude>
                        <gmd:eastBoundLongitude>
                           <gco:Decimal>-2.1367412</gco:Decimal>
                        </gmd:eastBoundLongitude>
                        <gmd:southBoundLatitude>
                           <gco:Decimal>35.4882205</gco:Decimal>
                        </gmd:southBoundLatitude>
                        <gmd:northBoundLatitude>
                           <gco:Decimal>36.8333017</gco:Decimal>
                        </gmd:northBoundLatitude>
                     </gmd:EX_GeographicBoundingBox>
                  </gmd:geographicElement>
                  <gmd:geographicElement>
                     <gmd:EX_BoundingPolygon>
                        <gmd:polygon>
                           <gml:MultiCurve gml:id="mc01">
                              <gml:curveMember>
                                 <gml:LineString gml:id="ls001">
                                    <gml:description>curve n&#176;1 from multicurve</gml:description>
                                    <gml:name codeSpace="https://www.seadatanet.org/urnurl/">_1</gml:name>
                                    <gml:posList>-3.975501 36.5023148 -3.8476905 36.449105 -3.7200865 36.3920382 -3.600959 36.338731 -3.481273 36.2904845 -3.3529448 36.2363363 -3.2264372 36.1859163 -3.100044 36.1266608 -2.9699063 36.0691205 -2.8380347 36.0123132 -2.7062905 35.9569883 -2.563398 35.8984888 -2.4772922 35.8581578 -2.4770153 35.8572332 -2.477007 35.8572285 -2.4120875 35.8563595 -2.3213168 35.8563317 -2.3264932 35.8275352 -2.4121732 35.8274893 -2.4955047 35.8274345 -2.4933865 35.7985462 -2.4056117 35.7986287 -2.3242343 35.7985857 -2.2829993 35.7697433 -2.3633972 35.7699157 -2.4460563 35.7697902 -2.5214122 35.7649338 -2.456711 35.7409427 -2.3627527 35.7409848 -2.2656317 35.7379375 -2.3362653 35.7174928 -2.4196145 35.7175383 -2.4944827 35.717436 -2.4983132 35.6922665 -2.4067887 35.6922145 -2.3131812 35.6922428 -2.2674198 35.6564913 -2.2712882 35.6729873 -2.2761473 35.7282902 -2.2750947 35.7967335 -2.2749337 35.8610568 -2.2540562 35.8703715 -2.2636633 35.8761637 -2.2635018 35.818242 -2.2643317 35.7172125 -2.302554 35.6741408 -2.3713347 35.6745573 -2.4473422 35.6742377 -2.5221782 35.674063 -2.4578505 35.6597883 -2.3700808 35.6597892 -2.3245262 35.6467778 -2.4004635 35.6453427 -2.482921 35.6452888 -2.492666 35.632632 -2.4047065 35.6328177 -2.3200078 35.6326105 -2.3754523 35.6201028 -2.4714575 35.6200507 -2.4982862 35.6077942 -2.4125977 35.6074398 -2.4113702 35.5948677 -2.4927522 35.5947795 -2.4830512 35.5840113 -2.4015847 35.5840637 -2.3238172 35.5840843 -2.2854463 35.6018813 -2.3641357 35.6020505 -2.4446693 35.6026173 -2.4561582 35.58944 -2.3776912 35.5988907 -2.3717957 35.599558 -2.3717848 35.5995608 -2.3718053 35.5995695 -2.3718103 35.599562 -2.3718105 35.5995567 -2.3717995 35.5995645 -2.3725133 35.5988728 -2.3725082 35.598871 -2.3732857 35.598592 -2.4406495 35.5984417 -2.4034923 35.5951202 -2.4034925 35.5951157 -2.3858553 35.6008813 -2.3751075 35.6006825 -2.3635467 35.59866 -2.3454523 35.6048985 -2.3137768 35.6300795 -2.312134 35.6281997 -2.291771 35.6592572 -2.2617248 35.6835347 -2.2617532 35.683488 -2.2618387 35.6833238 -2.261832 35.6833277 -2.2618363 35.6833288 -2.2618373 35.683319 -2.2665292 35.7211487 -2.2675392 35.7216927 -2.2446818 35.753955 -2.2446798 35.7539577 -2.249037 35.7914178 -2.248797 35.8462233 -2.3622947 35.8519555 -2.5108892 35.8517072 -2.5757692 35.8521947 -2.495097 35.8408125 -2.364031 35.810077 -2.2396025 35.786222 -2.2395585 35.7849447 -2.2548405 35.803777 -2.2516743 35.7946433 -2.251701 35.7946413 -2.2522528 35.7940978 -2.2522833 35.7931497 -2.2513372 35.7927173 -2.2498622 35.7922685 -2.2488008 35.7922485 -2.2487907 35.7922375 -2.2475755 35.7951202 -2.2792623 35.7916912 -2.279242 35.7916815 -2.2742047 35.7928807 -2.2683685 35.7943615 -2.2683158 35.7943318 -2.263456 35.7953715 -2.2579623 35.7964765 -2.2558152 35.7970333 -2.2517785 35.7978878 -2.2471128 35.7990705 -2.2420138 35.8003293 -2.2345855 35.8023527 -2.2364275 35.8016343 -2.231003 35.8028913 -2.2257387 35.8041785 -2.2257293 35.8041765 -2.2534565 35.7858597 -2.254395 35.8353705 -2.2407248 35.8093447 -2.2558023 35.8048002 -2.2547987 35.803786 -2.2548052 35.80379 -2.2546238 35.8031177 -2.2540275 35.8017592 -2.2535753 35.8007513 -2.2531497 35.7995417 -2.2527702 35.7986997 -2.2523947 35.7978588 -2.2523915 35.7969503 -2.2524137 35.7976432 -2.2525907 35.7973065 -2.252606 35.7973083 -2.2519327 35.7983483 -2.2519352 35.7983725 -2.2519337 35.7983522 -2.2519485 35.798356 -2.2519582 35.7983647 -2.2519232 35.7983732 -2.2519232 35.7983748 -2.251927 35.7983523 -2.2519258 35.7983607 -2.2519313 35.7983567 -2.2519302 35.7983692 -2.2519182 35.7983652 -2.2519267 35.7983705 -2.251933 35.7983607 -2.2519263 35.798367 -2.2519278 35.7983655 -2.2519195 35.7983658 -2.2519208 35.798362 -2.2519192 35.7983638 -2.2519185 35.798363 -2.2519793 35.7983713 -2.195993 35.8088997 -2.1457313 35.793798 -2.2264763 35.7944258 -2.2537855 35.8014763 -2.2457963 35.7842218 -2.2396438 35.7658353 -2.2649837 35.6765132 -2.2642978 35.6763587 -2.264315 35.6763492 -2.2648997 35.6763535 -2.267618 35.676357 -2.268074 35.675788 -2.269258 35.674619 -2.2701105 35.6735472 -2.2708187 35.6728625 -2.2701888 35.6733725 -2.2706203 35.6731858 -2.2705538 35.6727762 -2.2705692 35.6727785 -2.270553 35.6727735 -2.2705397 35.6727683 -2.2705433 35.6727762 -2.2705472 35.6727725 -2.2705342 35.6727723 -2.2705577 35.6727727 -2.27055 35.6727745 -2.2705465 35.6727717 -2.2705402 35.6727723 -2.2705593 35.6727758 -2.2705362 35.6727812 -2.2705527 35.6727725 -2.2705672 35.6727702 -2.2705552 35.6727688 -2.2705497 35.6727608 -2.2705513 35.6727815 -2.2334418 35.6975337 -2.2447625 35.7751932 -2.2537562 35.8018705 -2.253443 35.8009373 -2.2534465 35.8009443 -2.2528942 35.7995788 -2.2524628 35.7973942 -2.2520103 35.7951912 -2.251549 35.7930942 -2.2492595 35.7925675 -2.2481768 35.792218 -2.2491667 35.7923408 -2.250262 35.7923808 -2.2515118 35.7938605 -2.2515033 35.7955327 -2.2454238 35.78609 -2.17113 35.7835245 -2.175331 35.7693658 -2.2244957 35.7203532 -2.2818092 35.6929753 -2.281746 35.6930127 -2.2797092 35.6890502 -2.2767412 35.6850313 -2.276726 35.6850207 -2.275244 35.68086 -2.272702 35.6767963 -2.270957 35.6728345 -2.268099 35.6688672 -2.2681577 35.668679 -2.2656912 35.6646392 -2.263571 35.6603697 -2.2612823 35.6563032 -2.2588682 35.6518932 -2.2588423 35.6518998 -2.2654127 35.6093633 -2.2169252 35.660246 -2.1827382 35.7151055 -2.2365177 35.7813908 -2.2365338 35.7813913 -2.2360288 35.7809848 -2.255916 35.8050465 -2.2549837 35.8023195 -2.2263722 35.7778678 -2.2600337 35.8170295 -2.2551597 35.8028728 -2.2252428 35.7755955 -2.2591022 35.8133588 -2.2507242 35.7945053 -2.2399458 35.7862198 -2.2584907 35.8182795 -2.2327113 35.78171 -2.2578823 35.8097435 -2.2481778 35.7922462 -2.2485033 35.7931915 -2.2552202 35.8030772 -2.2492783 35.7925458 -2.252758 35.796661 -2.2478588 35.7918513 -2.2365768 35.813268 -2.261009 35.7951525 -2.2579083 35.7965408 -2.227199 35.8109432 -2.283698 35.7845477 -2.2373507 35.8058728 -2.252292 35.7989372 -2.2641607 35.7937233 -2.2301628 35.8097127 -2.282985 35.7870233 -2.2300298 35.8094653 -2.2616492 35.794813 -2.2495032 35.800302 -2.2550155 35.797696 -2.2491922 35.8004753 -2.262097 35.794554 -2.250905 35.794839 -2.2509162 35.7947968 -2.2509187 35.7948325 -2.2788302 35.7101268 -2.289782 35.659521 -2.2897515 35.6594922 -2.289743 35.6595165 -2.282053 35.615001 -2.2859557 35.5649535 -2.3624832 35.5652197 -2.4337673 35.5656175 -2.5007058 35.5659983 -2.5632167 35.5662268 -2.6358997 35.5663685 -2.710425 35.566515 -2.7722615 35.562247 -2.7290965 35.5486017 -2.6533495 35.5483388 -2.5785433 35.5482295 -2.5038145 35.5478222 -2.430906 35.5477125 -2.3593187 35.547321 -2.3044172 35.5353465 -2.3760268 35.53101 -2.4452205 35.5314112 -2.5148283 35.5317382 -2.4644553 35.5368983 -2.390399 35.5377263 -2.4486088 35.5422843 -2.5105725 35.5479335 -2.4411772 35.5530617 -2.4090767 35.5591345 -2.483043 35.5595223 -2.460817 35.5785137 -2.3948082 35.5780898 -2.4286172 35.5718333 -2.490865 35.5721702 -2.5528843 35.5823913 -2.6205187 35.5825838 -2.6900697 35.581907 -2.7562227 35.58218 -2.7924355 35.5328927 -2.711175 35.5319155 -2.6313523 35.5322012 -2.5542097 35.5317347 -2.5215178 35.5162093 -2.5916632 35.5166943 -2.6587738 35.5166488 -2.7331193 35.517039 -2.78674 35.5013808 -2.702169 35.5016173 -2.6181978 35.5010372 -2.53417 35.5013295 -2.5370642 35.5008043 -2.4463658 35.5008412 -2.3654012 35.5003848 -2.377392 35.4914305 -2.4492085 35.4916463 -2.5205507 35.4920382 -2.536831 35.4885405 -2.461491 35.4896748 -2.5189707 35.4965965 -2.5405477 35.505088 -2.4587313 35.5053 -2.4921072 35.5108388 -2.559819 35.5171077 -2.4885397 35.5216775 -2.4198127 35.5255918 -2.490314 35.526303 -2.5521077 35.5161033 -2.4770698 35.5161745 -2.3999095 35.5158565 -2.324894 35.5154138 -2.2741555 35.6324572 -2.2392558 35.7677482 -2.2359742 35.7813277 -2.235982 35.7813293 -2.2357665 35.7816622 -2.2354402 35.7821605 -2.2369513 35.7830423 -2.2382127 35.7833782 -2.2398392 35.7830167 -2.2393108 35.7833823 -2.2382753 35.7836247 -2.236827 35.7835678 -2.2367053 35.7831693 -2.2402997 35.7908303 -2.2558375 35.8245977 -2.2476265 35.800665 -2.2425943 35.788913 -2.244811 35.7539068 -2.2448037 35.7539067 -2.2664878 35.7209977 -2.2650845 35.718691 -2.2620263 35.6833233 -2.2915705 35.6616447 -2.292298 35.6596018 -2.3121692 35.6280997 -2.3313008 35.6137872 -2.3455958 35.604948 -2.385601 35.6005707 -2.3657958 35.6239865 -2.2487103 35.6992502 -2.1822988 35.7151727 -2.1482752 35.7313298 -2.199274 35.753556 -2.2523857 35.7978433 -2.2522682 35.7974158 -2.2522292 35.7974342 -2.2522538 35.7974283 -2.2522543 35.7974268 -2.2522542 35.7974162 -2.2522708 35.7974232 -2.25226 35.7974295 -2.2522495 35.7976045 -2.252268 35.7976017 -2.2522755 35.7975882 -2.2522568 35.7976097 -2.2522503 35.7976052 -2.2522575 35.7976033 -2.252266 35.797247 -2.2522652 35.7972373 -2.2524738 35.7975843 -2.2524715 35.7975822 -2.2880485 35.7790515 -2.2973737 35.7714997 -2.3398955 35.7489287 -2.3427723 35.7459223 -2.3885595 35.7196958 -2.3885553 35.7197198 -2.4332827 35.6940478 -2.4335095 35.693913 -2.4786368 35.6680552 -2.4853132 35.662286 -2.5232613 35.6421602 -2.5672552 35.6162383 -2.5717188 35.614241 -2.613885 35.5905628 -2.6576622 35.5651102 -2.6587828 35.5645405 -2.5160998 35.599447 -2.3736717 35.6390695 -2.2899772 35.6609655 -2.290789 35.6613483 -2.2907872 35.6613482 -2.2900838 35.6596397 -2.289313 35.6600128 -2.2879647 35.660317 -2.2851922 35.6621102 -2.2832865 35.6633142 -2.2823718 35.6645245 -2.2823753 35.6662013 -2.2831538 35.6679697 -2.283148 35.6679653 -2.272479 35.6537527 -2.2565917 35.6630743 -2.2589968 35.6013275 -2.3153928 35.5347278 -2.3663992 35.5881027 -2.3820945 35.5997063 -2.3821068 35.599695 -2.382081 35.5997108 -2.382129 35.5996795 -2.3820958 35.5996872 -2.3820967 35.5996955 -2.3820995 35.5996907 -2.3821147 35.5996988 -2.3821072 35.5997015 -2.3821073 35.5997003 -2.3821048 35.5997078 -2.3821007 35.5997022 -2.3820988 35.5997052 -2.3821047 35.5997042 -2.382103 35.5996967 -2.382107 35.5997025 -2.3821168 35.5997043 -2.382101 35.5997042 -2.3353172 35.6728302 -2.2621477 35.7859023 -2.2525413 35.7975837 -2.2525418 35.7975862 -2.2522308 35.7977005 -2.2519023 35.7976847 -2.251904 35.7976885 -2.2519022 35.7976868 -2.251897 35.7976827 -2.2518993 35.7976787 -2.251907 35.7977882 -2.251694 35.7980612 -2.2516195 35.7981058 -2.2516068 35.7980815 -2.2516035 35.7980967 -2.2034975 35.826962 -2.1389027 35.8459078 -2.2239337 35.8391863 -2.3118547 35.7357038 -2.3883227 35.6251647 -2.3888027 35.623921 -2.3868992 35.6197613 -2.385017 35.6151135 -2.3831698 35.6109267 -2.3821945 35.605964 -2.3815918 35.6072197 -2.3788628 35.6031103 -2.3759585 35.5988818 -2.3732065 35.5949063 -2.3705667 35.5908955 -2.3682812 35.5866917 -2.3653688 35.5829228 -2.3626122 35.57876 -2.3588925 35.5750972 -2.3555732 35.5708832 -2.3519072 35.5663533 -2.3717872 35.5989808 -2.3717948 35.5989912 -2.3717717 35.5989885 -2.3880507 35.600903 -2.387573 35.6011032 -2.3853305 35.60118 -2.3843678 35.6004752 -2.3821398 35.599963 -2.380283 35.599684 -2.377845 35.5992853 -2.3761082 35.6001758 -2.3752717 35.6001722 -2.3729285 35.5998973 -2.370725 35.5988445 -2.366732 35.5989925 -2.364046 35.598823 -2.3634037 35.6009077 -2.3640192 35.5988555 -2.4683327 35.593443 -2.5246468 35.6327432 -2.5243392 35.7068367 -2.5457772 35.7479298 -2.5465437 35.6647403 -2.5458662 35.5854885 -2.5113697 35.6847697 -2.5023165 35.8050587 -2.4902705 35.9234572 -2.4744865 36.0401227 -2.4707478 36.1649447 -2.4673042 36.290527 -2.466245 36.4196042 -2.4622702 36.5072003 -2.4630332 36.5666798 -2.4609215 36.626356 -2.4585293 36.6896838 -2.455824 36.7433702 -2.4557768 36.7928702 -2.4590492 36.8230718 -2.4746725 36.8329707 -2.4746735 36.832968 -2.4746738 36.832971 -2.4746807 36.8329768 -2.4746778 36.8329743 -2.474674 36.8329738 -2.4746728 36.8329715 -2.4746772 36.83297 -2.4746735 36.8329732 -2.474667 36.8329733 -2.4746643 36.8329743 -2.4746732 36.8329725 -2.474663 36.8329923 -2.4746632 36.8329767 -2.4746695 36.8329815 -2.4746725 36.8329748 -2.47467 36.8329743 -2.474676 36.8329742 -2.474673 36.832971 -2.4746725 36.8329743 -2.4746683 36.832979 -2.4746752 36.8329697 -2.4746673 36.8329725 -2.474671 36.8329752 -2.4746683 36.832977 -2.4746727 36.8329732 -2.4746715 36.8329723 -2.4746727 36.8329752 -2.4746723 36.8329733 -2.4746718 36.832975 -2.4746723 36.832969 -2.4746705 36.8329685 -2.474671 36.8329683 -2.4746748 36.8329668 -2.4746735 36.83297 -2.4746692 36.832966 -2.4746722 36.8329708 -2.4614247 36.7666255 -2.4575432 36.650962 -2.4576405 36.5340712 -2.4813495 36.420038 -2.508774 36.3111562 -2.5319797 36.1996307 -2.5680985 36.0880522 -2.621065 35.9789955 -2.6163325 35.9055085 -2.5992085 35.8397533 -2.5690862 35.7687157 -2.5684277 35.702112 -2.5686953 35.6330275 -2.5863107 35.654056 -2.5860305 35.7203395 -2.5951428 35.7971355 -2.6002353 35.823122 -2.6171333 35.8313373 -2.6204532 35.7605708 -2.6341315 35.8100063 -2.594136 35.8251137 -2.5902507 35.8264555 -2.5905267 35.826306 -2.5848543 35.8279745 -2.5797248 35.8296453 -2.5747995 35.8312867 -2.569414 35.8331023 -2.5694118 35.833106 -2.564378 35.8347673 -2.5596967 35.8366638 -2.5543912 35.8382805 -2.5521982 35.8390572 -2.5492492 35.8403612 -2.5712327 35.8944442 -2.574829 35.9027405 -2.5748162 35.9027433 -2.5748225 35.902751 -2.5740723 35.9012517 -2.5737283 35.8998657 -2.5737172 35.8998493 -2.5734438 35.8987698 -2.5731327 35.8975698 -2.5731268 35.8954313 -2.5731765 35.8952728 -2.573085 35.893129 -2.5731122 35.8911492 -2.5737817 35.8889807 -2.5741827 35.8876458 -2.574761 35.8861758 -2.5747743 35.886167 -2.5743965 35.8313383 -2.5743452 35.8313452 -2.5743538 35.831336 -2.5743417 35.831341 -2.5743312 35.8313222 -2.5743312 35.8313197 -2.5743402 35.8313203 -2.5743505 35.8313322 -2.57434 35.8313425 -2.5743513 35.8313483 -2.5743458 35.8313388 -2.5743482 35.8313328 -2.5743465 35.831341 -2.5743802 35.8313395 -2.5743833 35.8313352 -2.5743818 35.8313417 -2.5743742 35.8313405 -2.574381 35.8313293 -2.4834885 35.8359817 -2.3354595 35.8514548 -2.2254513 35.8574993 -2.2254623 35.8575023 -2.2254592 35.8575107 -2.2249205 35.8574703 -2.2248722 35.8568183 -2.2245418 35.8564292 -2.2245538 35.8564308 -2.22453 35.8564747 -2.2238512 35.8563443 -2.1923197 35.931842 -2.273122 35.9324958 -2.3576447 35.9330692 -2.4366485 35.9332885 -2.516141 35.9337687 -2.594838 35.934155 -2.6330565 35.9005168 -2.633377 35.8365795 -2.5872973 35.8094077 -2.5886392 35.850692 -2.5645618 35.81279 -2.5852102 35.8448692 -2.5739237 35.8277415 -2.5735978 35.8272678 -2.581929 35.839528 -2.5662925 35.8161132 -2.5843427 35.8438178 -2.5713727 35.823941 -2.5760932 35.831326 -2.5810992 35.8388518 -2.5664267 35.816163 -2.5859838 35.8446557 -2.575191 35.8298208 -2.570956 35.8231888 -2.5860653 35.8482723 -2.5693308 35.8206937 -2.5748538 35.8604515 -2.5693022 35.8611197 -2.5417537 35.8500227 -2.4193805 35.8240323 -2.2911078 35.7972365 -2.2076567 35.7780548 -2.2076813 35.7780475 -2.2079298 35.7768985 -2.2082038 35.7756098 -2.2061495 35.776083 -2.2034403 35.7762687 -2.2023323 35.7764497 -2.2011337 35.7766038 -2.1983907 35.7766018 -2.1963695 35.7773725 -2.1949668 35.7787068 -2.1949702 35.7786937 -2.1947407 35.7627737 -2.1921522 35.7399665 -2.2006562 35.7412237 -2.2451833 35.7536362 -2.2957068 35.763162 -2.3025772 35.7665925 -2.3071583 35.7665852 -2.3593108 35.7802225 -2.3749005 35.783083 -2.4133767 35.7928148 -2.443462 35.7992042 -2.4680627 35.8057888 -2.5067725 35.8148315 -2.5218748 35.8194667 -2.564227 35.8289402 -2.5753535 35.8322645 -2.6296847 35.8459325 -2.6296743 35.8459397 -2.6108095 35.7776013 -2.5838008 35.671248 -2.5745227 35.5971938 -2.6581243 35.5973438 -2.7412153 35.5964863 -2.7785202 35.619014 -2.703085 35.6192503 -2.6318245 35.6195948 -2.5579867 35.6194038 -2.6407242 35.6115363 -2.737746 35.6111863 -2.7487298 35.6037397 -2.6862262 35.6038673 -2.7450727 35.5892475 -2.7809267 35.6244078 -2.7155212 35.6245198 -2.7027937 35.6202615 -2.6393173 35.6247723 -2.5699808 35.624689 -2.6406317 35.6311977 -2.740583 35.631044 -2.7653047 35.6382288 -2.686633 35.638184 -2.6009652 35.6378925 -2.6538632 35.6451193 -2.7470588 35.6454445 -2.7605273 35.6527595 -2.674657 35.652417 -2.6053628 35.6523793 -2.6403908 35.659614 -2.7251498 35.659866 -2.7801732 35.6676335 -2.7013127 35.6670195 -2.6241777 35.666923 -2.6156127 35.673891 -2.685478 35.674188 -2.7637997 35.674456 -2.7337908 35.6815628 -2.6487102 35.6812942 -2.5968715 35.6882795 -2.6912932 35.688537 -2.7849285 35.6889358 -2.7210122 35.6969162 -2.6404693 35.6965298 -2.6081047 35.6998597 -2.6080602 35.7656703 -2.5592092 35.8020818 -2.5246595 35.8198682 -2.524469 35.8199248 -2.478219 35.8088172 -2.416133 35.7928763 -2.4161312 35.7928727 -2.3384337 35.783472 -2.2992858 35.7764027 -2.2993037 35.7763898 -2.2549527 35.8267523 -2.2550215 35.8271417 -2.2607532 35.8901695 -2.2601627 35.889712 -2.2601628 35.8897145 -2.2769975 35.8101103 -2.30254 35.6998502 -2.3258342 35.589618 -2.3402857 35.4993738 -2.2968005 35.4991612 -2.2198845 35.4987377 -2.1468802 35.4981728 -2.2031975 35.5148205 -2.2725187 35.5151935 -2.3308755 35.52718 -2.2632582 35.5315283 -2.1929153 35.5310722 -2.163604 35.548796 -2.2447277 35.5493457 -2.3059538 35.5607872 -2.2856247 35.6607808 -2.2542655 35.7596987 -2.2416168 35.7871215 -2.2416293 35.7871133 -2.2416102 35.7871165 -2.2477552 35.7922588 -2.2477767 35.7922623 -2.2527473 35.7969375 -2.2526615 35.7975775 -2.2528383 35.7981228 -2.252526 35.7976593 -2.2514383 35.7971232 -2.1912422 35.7025078 -2.149081 35.678889 -2.2124953 35.658973 -2.139477 35.6522918 -2.2148975 35.6389452 -2.2287 35.6212317 -2.1457982 35.618256 -2.2168773 35.6031518 -2.2523903 35.5855068 -2.1751375 35.584994 -2.1718513 35.566843 -2.2594445 35.5673792 -2.3707278 35.5689025 -2.3466458 35.6056853 -2.2934353 35.641152 -2.2412168 35.6757372 -2.2560283 35.679777 -2.3125743 35.6422523 -2.368575 35.604952 -2.3787227 35.6123605 -2.3267533 35.6469005 -2.27425 35.6818543 -2.230217 35.7246627 -2.2523042 35.7976312 -2.2522908 35.797679 -2.2522768 35.7976745 -2.2522923 35.7976707 -2.2520728 35.7978138 -2.2520747 35.797811 -2.2520755 35.797812 -2.252074 35.79781 -2.252074 35.7978083 -2.2520695 35.797809 -2.2520803 35.7978087 -2.2520793 35.7978147 -2.2520745 35.797802 -2.2520782 35.797801 -2.2520785 35.7977952 -2.2521817 35.7957528 -2.2530618 35.79926 -2.2523948 35.7977252 -2.25225 35.797613 -2.2522482 35.7977237 -2.260363 35.7781317 -2.2911728 35.6944992 -2.264441 35.7454622 -2.2341437 35.7921208 -2.2507262 35.7437892 -2.2785758 35.6903872 -2.2507705 35.7166102 -2.223573 35.7686328 -2.2313302 35.8053988 -2.2604972 35.8490258 -2.2394947 35.7970735 -2.2523795 35.7992553 -2.2786087 35.8352835 -2.2564207 35.7813877 -2.2596233 35.8342645 -2.2611063 35.835739 -2.2546658 35.8034135 -2.254954 35.8033903 -2.2545607 35.8028458 -2.2531998 35.8009118 -2.2523907 35.7987758 -2.2519742 35.7980672 -2.2517347 35.7976065 -2.2515587 35.796242 -2.2511845 35.7946605 -2.2510473 35.7943345 -2.2509045 35.7930122 -2.249933 35.7924497 -2.2493292 35.7924323 -2.2474003 35.7922898 -2.2450643 35.7911648 -2.2446803 35.7909363 -2.243664 35.7841457 -2.2390652 35.7836687 -2.296138 35.7667717 -2.296143 35.7667795 -2.3486195 35.7519725 -2.348628 35.7519568 -2.4008392 35.737885 -2.4009703 35.7377078 -2.4530253 35.7222585 -2.4536697 35.722699 -2.4959958 35.7104038 -2.5053122 35.7079593 -2.5487288 35.6957322 -2.557735 35.6931448 -2.609206 35.6785612 -2.6492163 35.6660233 -2.6608745 35.6638553 -2.5141592 35.7242203 -2.3660653 35.7868948 -2.2376037 35.8521645 -2.2250568 35.8563772 -2.2250657 35.8563815 -2.2250548 35.8563862 -2.2250685 35.85639 -2.2250568 35.8563797 -2.225057 35.8563822 -2.2250563 35.856381 -2.225051 35.8563865 -2.2250562 35.8563822 -2.2250548 35.8563847 -2.2250645 35.8563832 -2.2250645 35.8563852 -2.225059 35.8563782 -2.225063 35.8563878 -2.225053 35.8563717 -2.2250683 35.856378 -2.2404958 35.8470402 -2.326956 35.799489 -2.2994305 35.769189 -2.2381983 35.7462738 -2.1858887 35.726831 -2.2202442 35.7200717 -2.286014 35.7103505 -2.3480002 35.701289 -2.3169363 35.6804447 -2.2699472 35.6318633 -2.3074885 35.6438907 -2.360107 35.6624717 -2.3472497 35.6020915 -2.346415 35.599779 -2.3167027 35.6623365 -2.2866512 35.725889 -2.2570602 35.7875622 -2.2379422 35.808552 -2.230911 35.765522 -2.2308915 35.7654997 -2.2309043 35.7655277 -2.2315183 35.765616 -2.2320033 35.765688 -2.2335665 35.7657025 -2.2364198 35.7673553 -2.2376378 35.7679297 -2.2375558 35.7680073 -2.236848 35.7698702 -2.2368487 35.7704405 -2.2365803 35.7719138 -2.2358142 35.7736432 -2.2357 35.7738837 -2.2351577 35.7746422 -2.2351543 35.7746537 -2.2351572 35.7746372 -2.2317013 35.7252322 -2.2429683 35.7132715 -2.2848253 35.723058 -2.3429208 35.736678 -2.4427382 35.7174573 -2.5579195 35.7060813 -2.6547928 35.7063008 -2.7451513 35.706596 -2.7563837 35.7166122 -2.644791 35.7162738 -2.6400525 35.727043 -2.7175713 35.727341 -2.7922352 35.7354853 -2.7012448 35.7388962 -2.6122772 35.739678 -2.6597493 35.7514242 -2.7267693 35.751754 -2.790299 35.7527387 -2.7243008 35.7679147 -2.642357 35.7707977 -2.7140075 35.7859585 -2.7919618 35.7979258 -2.7139303 35.8129638 -2.6429232 35.8338228 -2.7338632 35.8401932 -2.7881698 35.8747525 -2.6835853 35.8741662 -2.643249 35.876837 -2.6423312 35.8790487 -2.6417147 35.881309 -2.6410812 35.8838247 -2.6625155 35.9227383 -2.7318165 35.923186 -2.7700637 35.9350067 -2.6441685 36.0053955 -2.5209588 36.0789172 -2.4868312 36.0969437 -2.4867895 36.0969368 -2.5269305 36.1100643 -2.6462655 36.148462 -2.7723295 36.188172 -2.8994888 36.2283753 -3.0280952 36.266542 -3.1523135 36.3084172 -3.2716705 36.3451907 -3.383863 36.378903 -3.4899397 36.412098 -3.6073922 36.4472407 -3.7307253 36.4838523 -3.8593485 36.521125 -3.989777 36.5620243 -4.1010005 36.5960037 -4.1818582 36.6229877 -4.2626935 36.6469495 -4.344308 36.6684103 -4.417418 36.7023357 -4.4201335 36.7108993 -4.4201338 36.7108985</gml:posList>
                                 </gml:LineString>
                              </gml:curveMember>
                           </gml:MultiCurve>
                        </gmd:polygon>
                     </gmd:EX_BoundingPolygon>
                  </gmd:geographicElement>
                  <gmd:temporalElement>
                     <gmd:EX_TemporalExtent>
                        <gmd:extent>
                           <gml:TimePeriod gml:id="mik3.8.2">
                              <gml:beginPosition>2024-03-30T00:00:00</gml:beginPosition>
                              <gml:endPosition>2024-04-27T00:00:00</gml:endPosition>
                           </gml:TimePeriod>
                        </gmd:extent>
                     </gmd:EX_TemporalExtent>
                  </gmd:temporalElement>
               </gmd:EX_Extent>
            </gmd:extent>
         </sdn:SDN_DataIdentification>
      </gmd:identificationInfo>
      <gmd:distributionInfo>
         <gmd:MD_Distribution>
            <gmd:distributionFormat>
               <gmd:MD_Format>
                  <gmd:name>
                     <sdn:SDN_FormatNameCode codeSpace="SeaDataNet" codeListValue="CF" codeList="https://vocab.nerc.ac.uk/isoCodelists/sdnCodelists/cdicsrCodeList.xml#SDN_FormatNameCode">Climate and Forecast NetCDF</sdn:SDN_FormatNameCode>
                  </gmd:name>
                  <gmd:version>
                     <gco:CharacterString>3.5</gco:CharacterString>
                  </gmd:version>
               </gmd:MD_Format>
            </gmd:distributionFormat>
            <gmd:distributor>
               <gmd:MD_Distributor>
                  <gmd:distributorContact>
                     <gmd:CI_ResponsibleParty>
                        <gmd:organisationName>
                           <sdn:SDN_EDMOCode codeList="https://edmo.seadatanet.org/isocodelists/edmo-edmerp-codelists.xml#SDN_EDMOCode" codeSpace="SeaDataNet" codeListValue="2489">CSIC, Marine Technology Unit (CSIC-UTM)</sdn:SDN_EDMOCode>
                        </gmd:organisationName>
                        <gmd:contactInfo>
                           <gmd:CI_Contact>
                              <gmd:phone>
                                 <gmd:CI_Telephone>
                                    <gmd:voice>
                                       <gco:CharacterString>+34 932 309500</gco:CharacterString>
                                    </gmd:voice>
                                    <gmd:facsimile>
                                       <gco:CharacterString>+34 932 309555</gco:CharacterString>
                                    </gmd:facsimile>
                                 </gmd:CI_Telephone>
                              </gmd:phone>
                              <gmd:address>
                                 <gmd:CI_Address>
                                    <gmd:deliveryPoint>
                                       <gco:CharacterString>Paseo Maritimo de la Barceloneta, 37-49 </gco:CharacterString>
                                    </gmd:deliveryPoint>
                                    <gmd:city>
                                       <gco:CharacterString>Barcelona</gco:CharacterString>
                                    </gmd:city>
                                    <gmd:postalCode>
                                       <gco:CharacterString>08003</gco:CharacterString>
                                    </gmd:postalCode>
                                    <gmd:country>
                                       <sdn:SDN_CountryCode codeSpace="SeaDataNet" codeListValue="ES" codeList="https://vocab.nerc.ac.uk/isoCodelists/sdnCodelists/cdicsrCodeList.xml#SDN_CountryCode">Spain</sdn:SDN_CountryCode>
                                    </gmd:country>
                                    <gmd:electronicMailAddress>
                                       <gco:CharacterString>info@utm.csic.es</gco:CharacterString>
                                    </gmd:electronicMailAddress>
                                 </gmd:CI_Address>
                              </gmd:address>
                              <gmd:onlineResource>
                                 <gmd:CI_OnlineResource>
                                    <gmd:linkage>
                                       <gmd:URL>http://www.utm.csic.es/</gmd:URL>
                                    </gmd:linkage>
                                 </gmd:CI_OnlineResource>
                              </gmd:onlineResource>
                           </gmd:CI_Contact>
                        </gmd:contactInfo>
                        <gmd:role>
                           <gmd:CI_RoleCode codeList="https://vocab.nerc.ac.uk/isoCodelists/sdnCodelists/gmxCodeLists.xml#CI_RoleCode" codeListValue="distributor" codeSpace="ISOTC211/19115">distributor</gmd:CI_RoleCode>
                        </gmd:role>
                     </gmd:CI_ResponsibleParty>
                  </gmd:distributorContact>
               </gmd:MD_Distributor>
            </gmd:distributor>
            <gmd:transferOptions>
               <gmd:MD_DigitalTransferOptions>
                  <gmd:onLine>
                     <gmd:CI_OnlineResource>
                        <gmd:linkage>
                           <gmd:URL>http://www.sdn-taskmanager.org/</gmd:URL>
                        </gmd:linkage>
                        <gmd:protocol>
                           <gco:CharacterString>HTTP-DOWNLOAD</gco:CharacterString>
                        </gmd:protocol>
                        <gmd:function>
                           <gmd:CI_OnLineFunctionCode codeList="https://vocab.nerc.ac.uk/isoCodelists/sdnCodelists/gmxCodeLists.xml#CI_OnLineFunctionCode" codeListValue="downloadRegistration" codeSpace="SeaDataNet">web data access with registration</gmd:CI_OnLineFunctionCode>
                        </gmd:function>
                     </gmd:CI_OnlineResource>
                  </gmd:onLine>
               </gmd:MD_DigitalTransferOptions>
            </gmd:transferOptions>
         </gmd:MD_Distribution>
      </gmd:distributionInfo>
      <gmd:dataQualityInfo>
         <gmd:DQ_DataQuality>
            <gmd:scope>
               <gmd:DQ_Scope>
                  <gmd:level>
                     <gmd:MD_ScopeCode codeList="https://vocab.nerc.ac.uk/isoCodelists/sdnCodelists/gmxCodeLists.xml#MD_ScopeCode" codeListValue="dataset" codeSpace="ISOTC211/19115">dataset</gmd:MD_ScopeCode>
                  </gmd:level>
               </gmd:DQ_Scope>
            </gmd:scope>
            <gmd:report>
               <gmd:DQ_DomainConsistency>
                  <gmd:result>
                     <gmd:DQ_ConformanceResult>
                        <gmd:specification>
                           <gmd:CI_Citation>
                              <gmd:title>
                                 <gco:CharacterString>COMMISSION REGULATION (EU) No 1089/2010 of 23 November 2010 implementing Directive 2007/2/EC of the European Parliament and of the Council as regards interoperability of spatial data sets and services</gco:CharacterString>
                              </gmd:title>
                              <gmd:date>
                                 <gmd:CI_Date>
                                    <gmd:date>
                                       <gco:Date>2010-12-08</gco:Date>
                                    </gmd:date>
                                    <gmd:dateType>
                                       <gmd:CI_DateTypeCode codeList="https://vocab.nerc.ac.uk/isoCodelists/sdnCodelists/gmxCodeLists.xml#CI_DateTypeCode" codeListValue="publication" codeSpace="ISOTC211/19115">publication</gmd:CI_DateTypeCode>
                                    </gmd:dateType>
                                 </gmd:CI_Date>
                              </gmd:date>
                           </gmd:CI_Citation>
                        </gmd:specification>
                        <gmd:explanation>
                           <gco:CharacterString>See the referenced specification</gco:CharacterString>
                        </gmd:explanation>
                        <gmd:pass>
                           <gco:Boolean>true</gco:Boolean>
                        </gmd:pass>
                     </gmd:DQ_ConformanceResult>
                  </gmd:result>
               </gmd:DQ_DomainConsistency>
            </gmd:report>
            <gmd:report>
               <gmd:DQ_DomainConsistency>
                  <gmd:result>
                     <gmd:DQ_ConformanceResult>
                        <gmd:specification>
                           <gmd:CI_Citation>
                              <gmd:title>
                                 <gco:CharacterString>COMMISSION REGULATION (EC) No 1205/2008 of 3 December 2008 implementing Directive 2007/2/EC of the European Parliament and of the Council as regards metadata</gco:CharacterString>
                              </gmd:title>
                              <gmd:date>
                                 <gmd:CI_Date>
                                    <gmd:date>
                                       <gco:Date>2008-12-04</gco:Date>
                                    </gmd:date>
                                    <gmd:dateType>
                                       <gmd:CI_DateTypeCode codeList="https://vocab.nerc.ac.uk/isoCodelists/sdnCodelists/gmxCodeLists.xml#CI_DateTypeCode" codeListValue="publication" codeSpace="ISOTC211/19115">publication</gmd:CI_DateTypeCode>
                                    </gmd:dateType>
                                 </gmd:CI_Date>
                              </gmd:date>
                           </gmd:CI_Citation>
                        </gmd:specification>
                        <gmd:explanation>
                           <gco:CharacterString>See the referenced specification</gco:CharacterString>
                        </gmd:explanation>
                        <gmd:pass>
                           <gco:Boolean>true</gco:Boolean>
                        </gmd:pass>
                     </gmd:DQ_ConformanceResult>
                  </gmd:result>
               </gmd:DQ_DomainConsistency>
            </gmd:report>
            <gmd:lineage>
               <gmd:LI_Lineage>
                  <gmd:statement>
                     <gco:CharacterString>The data centres apply standard data quality control procedures on all data that the centres manage. Ask the data centre for details.</gco:CharacterString>
                  </gmd:statement>
               </gmd:LI_Lineage>
            </gmd:lineage>
         </gmd:DQ_DataQuality>
      </gmd:dataQualityInfo>
   </gmd:MD_Metadata>